USE vk_2021;

INSERT INTO `communities` (`id`, `name`, `community_header`, `created_at`, `updated_at`, `community_status`) VALUES (1, 'esse', NULL, '1978-06-10 06:00:16', '1971-11-13 16:41:48', 'INACTIVE');
INSERT INTO `communities` (`id`, `name`, `community_header`, `created_at`, `updated_at`, `community_status`) VALUES (2, 'vitae', NULL, '2010-08-20 13:30:02', '2015-02-12 04:22:39', 'INACTIVE');
INSERT INTO `communities` (`id`, `name`, `community_header`, `created_at`, `updated_at`, `community_status`) VALUES (3, 'praesentium', NULL, '2015-05-09 02:03:34', '2020-09-28 07:52:41', 'INACTIVE');
INSERT INTO `communities` (`id`, `name`, `community_header`, `created_at`, `updated_at`, `community_status`) VALUES (4, 'error', NULL, '1997-02-24 20:05:43', '2000-05-09 00:39:52', 'INACTIVE');
INSERT INTO `communities` (`id`, `name`, `community_header`, `created_at`, `updated_at`, `community_status`) VALUES (5, 'et', NULL, '1987-11-25 09:10:09', '1971-05-22 14:30:30', 'INACTIVE');
INSERT INTO `communities` (`id`, `name`, `community_header`, `created_at`, `updated_at`, `community_status`) VALUES (6, 'necessitatibus', NULL, '2012-01-10 18:52:41', '1981-09-14 12:03:40', 'ACTIVE');
INSERT INTO `communities` (`id`, `name`, `community_header`, `created_at`, `updated_at`, `community_status`) VALUES (7, 'omnis', NULL, '2010-05-02 22:14:09', '1995-04-02 22:31:08', 'ACTIVE');
INSERT INTO `communities` (`id`, `name`, `community_header`, `created_at`, `updated_at`, `community_status`) VALUES (8, 'aut', NULL, '1992-05-13 00:42:50', '1986-11-16 23:42:12', 'ACTIVE');
INSERT INTO `communities` (`id`, `name`, `community_header`, `created_at`, `updated_at`, `community_status`) VALUES (9, 'natus', NULL, '1993-09-25 04:14:40', '2004-11-15 04:29:47', 'INACTIVE');
INSERT INTO `communities` (`id`, `name`, `community_header`, `created_at`, `updated_at`, `community_status`) VALUES (10, 'ut', NULL, '1974-04-01 22:54:44', '2021-02-16 05:51:23', 'INACTIVE');
INSERT INTO `communities` (`id`, `name`, `community_header`, `created_at`, `updated_at`, `community_status`) VALUES (11, 'consequatur', NULL, '2017-09-22 08:17:18', '2013-09-14 00:25:59', 'ACTIVE');
INSERT INTO `communities` (`id`, `name`, `community_header`, `created_at`, `updated_at`, `community_status`) VALUES (12, 'laudantium', NULL, '1994-12-28 00:17:47', '1972-03-15 16:31:11', 'INACTIVE');
INSERT INTO `communities` (`id`, `name`, `community_header`, `created_at`, `updated_at`, `community_status`) VALUES (13, 'in', NULL, '1995-12-19 15:19:14', '1975-01-03 13:42:49', 'ACTIVE');
INSERT INTO `communities` (`id`, `name`, `community_header`, `created_at`, `updated_at`, `community_status`) VALUES (14, 'neque', NULL, '2006-10-17 10:49:24', '2019-09-01 06:06:16', 'INACTIVE');
INSERT INTO `communities` (`id`, `name`, `community_header`, `created_at`, `updated_at`, `community_status`) VALUES (15, 'nihil', NULL, '1979-08-03 02:11:28', '1989-02-11 23:25:00', 'INACTIVE');
INSERT INTO `communities` (`id`, `name`, `community_header`, `created_at`, `updated_at`, `community_status`) VALUES (16, 'consequuntur', NULL, '2019-10-12 07:44:00', '2009-03-25 15:36:54', 'INACTIVE');
INSERT INTO `communities` (`id`, `name`, `community_header`, `created_at`, `updated_at`, `community_status`) VALUES (17, 'officiis', NULL, '2018-11-16 01:19:48', '1981-06-27 14:48:09', 'ACTIVE');
INSERT INTO `communities` (`id`, `name`, `community_header`, `created_at`, `updated_at`, `community_status`) VALUES (18, 'tenetur', NULL, '2002-03-30 14:03:50', '1996-02-18 02:52:21', 'ACTIVE');
INSERT INTO `communities` (`id`, `name`, `community_header`, `created_at`, `updated_at`, `community_status`) VALUES (19, 'commodi', NULL, '1984-04-15 21:26:04', '1979-10-22 11:39:37', 'INACTIVE');
INSERT INTO `communities` (`id`, `name`, `community_header`, `created_at`, `updated_at`, `community_status`) VALUES (20, 'dolor', NULL, '2016-11-01 07:09:50', '2016-01-09 10:42:56', 'INACTIVE');
INSERT INTO `communities` (`id`, `name`, `community_header`, `created_at`, `updated_at`, `community_status`) VALUES (21, 'voluptas', NULL, '1971-12-19 21:27:10', '1976-08-10 11:59:30', 'ACTIVE');
INSERT INTO `communities` (`id`, `name`, `community_header`, `created_at`, `updated_at`, `community_status`) VALUES (22, 'distinctio', NULL, '2015-02-01 15:11:03', '2010-09-14 02:31:12', 'INACTIVE');
INSERT INTO `communities` (`id`, `name`, `community_header`, `created_at`, `updated_at`, `community_status`) VALUES (23, 'amet', NULL, '1999-12-25 04:56:43', '1970-01-11 09:40:18', 'ACTIVE');
INSERT INTO `communities` (`id`, `name`, `community_header`, `created_at`, `updated_at`, `community_status`) VALUES (24, 'nulla', NULL, '1995-06-02 04:40:10', '1979-05-20 14:53:45', 'INACTIVE');
INSERT INTO `communities` (`id`, `name`, `community_header`, `created_at`, `updated_at`, `community_status`) VALUES (25, 'beatae', NULL, '1989-09-30 23:05:30', '2019-06-06 17:22:04', 'ACTIVE');
INSERT INTO `communities` (`id`, `name`, `community_header`, `created_at`, `updated_at`, `community_status`) VALUES (26, 'qui', NULL, '1983-09-17 17:48:12', '1983-12-11 19:24:38', 'ACTIVE');
INSERT INTO `communities` (`id`, `name`, `community_header`, `created_at`, `updated_at`, `community_status`) VALUES (27, 'earum', NULL, '2012-10-23 07:12:30', '2018-12-22 23:55:21', 'INACTIVE');
INSERT INTO `communities` (`id`, `name`, `community_header`, `created_at`, `updated_at`, `community_status`) VALUES (28, 'accusantium', NULL, '1973-11-12 17:37:17', '1980-08-25 16:34:24', 'ACTIVE');
INSERT INTO `communities` (`id`, `name`, `community_header`, `created_at`, `updated_at`, `community_status`) VALUES (29, 'molestiae', NULL, '2006-05-21 23:43:22', '1994-08-11 19:51:41', 'ACTIVE');
INSERT INTO `communities` (`id`, `name`, `community_header`, `created_at`, `updated_at`, `community_status`) VALUES (30, 'deleniti', NULL, '1982-12-29 01:22:28', '1989-06-05 01:55:58', 'ACTIVE');
INSERT INTO `communities` (`id`, `name`, `community_header`, `created_at`, `updated_at`, `community_status`) VALUES (31, 'iste', NULL, '2021-01-27 00:47:23', '1973-07-19 12:22:03', 'ACTIVE');
INSERT INTO `communities` (`id`, `name`, `community_header`, `created_at`, `updated_at`, `community_status`) VALUES (32, 'quasi', NULL, '2011-04-22 04:09:50', '1995-12-01 00:31:23', 'ACTIVE');
INSERT INTO `communities` (`id`, `name`, `community_header`, `created_at`, `updated_at`, `community_status`) VALUES (33, 'est', NULL, '2015-05-07 05:59:36', '2005-09-08 21:35:53', 'ACTIVE');
INSERT INTO `communities` (`id`, `name`, `community_header`, `created_at`, `updated_at`, `community_status`) VALUES (34, 'sit', NULL, '2021-01-06 08:03:24', '1984-11-16 13:01:38', 'INACTIVE');
INSERT INTO `communities` (`id`, `name`, `community_header`, `created_at`, `updated_at`, `community_status`) VALUES (35, 'facilis', NULL, '2000-09-03 06:34:11', '2000-09-01 12:14:11', 'INACTIVE');
INSERT INTO `communities` (`id`, `name`, `community_header`, `created_at`, `updated_at`, `community_status`) VALUES (36, 'corporis', NULL, '1978-05-26 02:53:35', '2014-03-03 12:08:31', 'INACTIVE');
INSERT INTO `communities` (`id`, `name`, `community_header`, `created_at`, `updated_at`, `community_status`) VALUES (37, 'autem', NULL, '1983-01-11 08:53:59', '2012-01-01 18:04:51', 'INACTIVE');
INSERT INTO `communities` (`id`, `name`, `community_header`, `created_at`, `updated_at`, `community_status`) VALUES (38, 'laboriosam', NULL, '1971-09-11 21:09:38', '2002-01-30 13:15:30', 'INACTIVE');
INSERT INTO `communities` (`id`, `name`, `community_header`, `created_at`, `updated_at`, `community_status`) VALUES (39, 'aliquid', NULL, '1998-05-21 11:08:38', '2014-08-31 21:21:01', 'INACTIVE');
INSERT INTO `communities` (`id`, `name`, `community_header`, `created_at`, `updated_at`, `community_status`) VALUES (40, 'quas', NULL, '2013-12-24 01:29:39', '2016-10-02 12:10:37', 'ACTIVE');
INSERT INTO `communities` (`id`, `name`, `community_header`, `created_at`, `updated_at`, `community_status`) VALUES (41, 'possimus', NULL, '2018-02-26 01:15:55', '1989-05-28 08:42:19', 'INACTIVE');
INSERT INTO `communities` (`id`, `name`, `community_header`, `created_at`, `updated_at`, `community_status`) VALUES (42, 'libero', NULL, '1984-12-14 13:58:35', '2001-12-08 02:00:41', 'INACTIVE');
INSERT INTO `communities` (`id`, `name`, `community_header`, `created_at`, `updated_at`, `community_status`) VALUES (43, 'blanditiis', NULL, '1993-02-11 14:31:08', '1989-08-22 17:50:08', 'ACTIVE');
INSERT INTO `communities` (`id`, `name`, `community_header`, `created_at`, `updated_at`, `community_status`) VALUES (44, 'dolores', NULL, '1986-04-27 01:01:08', '2003-08-09 12:05:56', 'INACTIVE');
INSERT INTO `communities` (`id`, `name`, `community_header`, `created_at`, `updated_at`, `community_status`) VALUES (45, 'cumque', NULL, '1989-03-09 12:48:32', '2004-10-24 11:48:38', 'INACTIVE');
INSERT INTO `communities` (`id`, `name`, `community_header`, `created_at`, `updated_at`, `community_status`) VALUES (46, 'rerum', NULL, '1985-11-01 00:50:19', '1988-08-01 11:00:06', 'ACTIVE');
INSERT INTO `communities` (`id`, `name`, `community_header`, `created_at`, `updated_at`, `community_status`) VALUES (47, 'rem', NULL, '2013-10-16 05:40:15', '2008-07-01 11:24:39', 'ACTIVE');
INSERT INTO `communities` (`id`, `name`, `community_header`, `created_at`, `updated_at`, `community_status`) VALUES (48, 'dolorem', NULL, '1975-12-08 13:16:44', '1983-03-22 07:26:01', 'INACTIVE');
INSERT INTO `communities` (`id`, `name`, `community_header`, `created_at`, `updated_at`, `community_status`) VALUES (49, 'incidunt', NULL, '2017-11-24 09:11:06', '2008-04-17 15:42:04', 'ACTIVE');
INSERT INTO `communities` (`id`, `name`, `community_header`, `created_at`, `updated_at`, `community_status`) VALUES (50, 'ipsa', NULL, '2012-12-07 10:09:52', '2015-08-12 12:33:08', 'INACTIVE');
INSERT INTO `communities` (`id`, `name`, `community_header`, `created_at`, `updated_at`, `community_status`) VALUES (51, 'illo', NULL, '1985-08-11 04:38:05', '2007-04-16 08:56:14', 'INACTIVE');
INSERT INTO `communities` (`id`, `name`, `community_header`, `created_at`, `updated_at`, `community_status`) VALUES (52, 'assumenda', NULL, '2018-04-18 03:46:28', '1974-05-24 10:52:50', 'ACTIVE');
INSERT INTO `communities` (`id`, `name`, `community_header`, `created_at`, `updated_at`, `community_status`) VALUES (53, 'adipisci', NULL, '1999-12-10 05:58:02', '1971-05-15 05:43:12', 'ACTIVE');
INSERT INTO `communities` (`id`, `name`, `community_header`, `created_at`, `updated_at`, `community_status`) VALUES (54, 'harum', NULL, '2009-08-08 05:24:27', '2002-10-16 11:49:43', 'ACTIVE');
INSERT INTO `communities` (`id`, `name`, `community_header`, `created_at`, `updated_at`, `community_status`) VALUES (55, 'aspernatur', NULL, '1987-12-17 16:52:55', '1981-03-23 09:22:42', 'ACTIVE');
INSERT INTO `communities` (`id`, `name`, `community_header`, `created_at`, `updated_at`, `community_status`) VALUES (56, 'non', NULL, '1977-03-28 06:58:53', '1989-05-31 21:05:00', 'INACTIVE');
INSERT INTO `communities` (`id`, `name`, `community_header`, `created_at`, `updated_at`, `community_status`) VALUES (57, 'quod', NULL, '1980-09-23 13:31:21', '1974-04-10 12:56:58', 'ACTIVE');
INSERT INTO `communities` (`id`, `name`, `community_header`, `created_at`, `updated_at`, `community_status`) VALUES (58, 'eum', NULL, '2018-12-11 02:16:15', '1986-11-18 16:08:13', 'INACTIVE');
INSERT INTO `communities` (`id`, `name`, `community_header`, `created_at`, `updated_at`, `community_status`) VALUES (59, 'alias', NULL, '1997-05-22 21:33:51', '1994-02-19 04:11:15', 'ACTIVE');
INSERT INTO `communities` (`id`, `name`, `community_header`, `created_at`, `updated_at`, `community_status`) VALUES (60, 'iusto', NULL, '2021-07-18 11:25:30', '2021-01-12 17:32:57', 'INACTIVE');
INSERT INTO `communities` (`id`, `name`, `community_header`, `created_at`, `updated_at`, `community_status`) VALUES (61, 'facere', NULL, '2004-05-05 16:27:44', '1983-07-01 13:15:41', 'INACTIVE');
INSERT INTO `communities` (`id`, `name`, `community_header`, `created_at`, `updated_at`, `community_status`) VALUES (62, 'eligendi', NULL, '1991-12-17 21:14:08', '1992-12-01 12:01:54', 'ACTIVE');
INSERT INTO `communities` (`id`, `name`, `community_header`, `created_at`, `updated_at`, `community_status`) VALUES (63, 'numquam', NULL, '2014-11-13 22:01:11', '1972-10-22 16:11:01', 'INACTIVE');
INSERT INTO `communities` (`id`, `name`, `community_header`, `created_at`, `updated_at`, `community_status`) VALUES (64, 'odit', NULL, '1976-10-13 09:06:26', '2015-05-31 23:41:50', 'ACTIVE');
INSERT INTO `communities` (`id`, `name`, `community_header`, `created_at`, `updated_at`, `community_status`) VALUES (65, 'aliquam', NULL, '1987-10-04 10:28:31', '2008-07-22 05:09:47', 'INACTIVE');
INSERT INTO `communities` (`id`, `name`, `community_header`, `created_at`, `updated_at`, `community_status`) VALUES (66, 'occaecati', NULL, '2015-12-03 21:32:25', '2005-08-17 14:19:06', 'ACTIVE');
INSERT INTO `communities` (`id`, `name`, `community_header`, `created_at`, `updated_at`, `community_status`) VALUES (67, 'vel', NULL, '2011-09-19 14:19:25', '1987-06-08 10:38:36', 'INACTIVE');
INSERT INTO `communities` (`id`, `name`, `community_header`, `created_at`, `updated_at`, `community_status`) VALUES (68, 'sapiente', NULL, '2011-03-10 02:01:55', '1988-07-14 08:40:16', 'ACTIVE');
INSERT INTO `communities` (`id`, `name`, `community_header`, `created_at`, `updated_at`, `community_status`) VALUES (69, 'inventore', NULL, '2001-09-15 05:18:44', '1970-10-17 14:07:14', 'ACTIVE');
INSERT INTO `communities` (`id`, `name`, `community_header`, `created_at`, `updated_at`, `community_status`) VALUES (70, 'voluptatem', NULL, '2010-04-29 00:38:53', '2006-02-01 12:58:28', 'ACTIVE');
INSERT INTO `communities` (`id`, `name`, `community_header`, `created_at`, `updated_at`, `community_status`) VALUES (71, 'deserunt', NULL, '1992-05-01 12:25:23', '1978-05-31 12:58:07', 'INACTIVE');
INSERT INTO `communities` (`id`, `name`, `community_header`, `created_at`, `updated_at`, `community_status`) VALUES (72, 'dicta', NULL, '2008-08-05 20:38:47', '1986-07-26 06:20:35', 'ACTIVE');
INSERT INTO `communities` (`id`, `name`, `community_header`, `created_at`, `updated_at`, `community_status`) VALUES (73, 'id', NULL, '1995-05-28 14:53:20', '2005-06-17 11:03:49', 'INACTIVE');
INSERT INTO `communities` (`id`, `name`, `community_header`, `created_at`, `updated_at`, `community_status`) VALUES (74, 'expedita', NULL, '1987-10-01 15:46:20', '2020-05-19 21:55:54', 'INACTIVE');
INSERT INTO `communities` (`id`, `name`, `community_header`, `created_at`, `updated_at`, `community_status`) VALUES (75, 'sed', NULL, '1992-10-18 00:05:11', '2008-03-02 19:02:19', 'ACTIVE');
INSERT INTO `communities` (`id`, `name`, `community_header`, `created_at`, `updated_at`, `community_status`) VALUES (76, 'explicabo', NULL, '1996-07-28 20:52:00', '1993-03-08 12:54:19', 'ACTIVE');
INSERT INTO `communities` (`id`, `name`, `community_header`, `created_at`, `updated_at`, `community_status`) VALUES (77, 'nobis', NULL, '2008-11-01 13:01:59', '1997-02-03 22:46:05', 'INACTIVE');
INSERT INTO `communities` (`id`, `name`, `community_header`, `created_at`, `updated_at`, `community_status`) VALUES (78, 'maiores', NULL, '2014-06-19 00:30:36', '2016-01-15 02:57:46', 'ACTIVE');
INSERT INTO `communities` (`id`, `name`, `community_header`, `created_at`, `updated_at`, `community_status`) VALUES (79, 'excepturi', NULL, '1985-06-17 18:58:23', '1993-06-13 14:41:28', 'ACTIVE');
INSERT INTO `communities` (`id`, `name`, `community_header`, `created_at`, `updated_at`, `community_status`) VALUES (80, 'quia', NULL, '1986-06-30 16:52:59', '2019-02-22 20:49:16', 'ACTIVE');
INSERT INTO `communities` (`id`, `name`, `community_header`, `created_at`, `updated_at`, `community_status`) VALUES (81, 'perferendis', NULL, '2010-12-27 00:38:29', '1996-02-11 02:27:45', 'INACTIVE');
INSERT INTO `communities` (`id`, `name`, `community_header`, `created_at`, `updated_at`, `community_status`) VALUES (82, 'repellendus', NULL, '1974-02-14 20:43:11', '1993-04-13 16:44:32', 'ACTIVE');
INSERT INTO `communities` (`id`, `name`, `community_header`, `created_at`, `updated_at`, `community_status`) VALUES (83, 'quidem', NULL, '2019-12-16 04:32:27', '1982-05-17 02:19:57', 'INACTIVE');
INSERT INTO `communities` (`id`, `name`, `community_header`, `created_at`, `updated_at`, `community_status`) VALUES (84, 'ab', NULL, '1997-05-30 14:33:06', '1997-05-28 12:09:47', 'INACTIVE');
INSERT INTO `communities` (`id`, `name`, `community_header`, `created_at`, `updated_at`, `community_status`) VALUES (85, 'a', NULL, '1980-09-09 12:12:31', '1980-01-19 14:20:05', 'INACTIVE');
INSERT INTO `communities` (`id`, `name`, `community_header`, `created_at`, `updated_at`, `community_status`) VALUES (86, 'laborum', NULL, '1984-11-20 05:51:04', '2018-02-11 20:08:59', 'INACTIVE');
INSERT INTO `communities` (`id`, `name`, `community_header`, `created_at`, `updated_at`, `community_status`) VALUES (87, 'velit', NULL, '2014-07-09 03:59:21', '2010-02-07 03:40:14', 'ACTIVE');
INSERT INTO `communities` (`id`, `name`, `community_header`, `created_at`, `updated_at`, `community_status`) VALUES (88, 'tempore', NULL, '1979-08-10 05:01:16', '2009-05-13 23:34:38', 'INACTIVE');
INSERT INTO `communities` (`id`, `name`, `community_header`, `created_at`, `updated_at`, `community_status`) VALUES (89, 'ad', NULL, '1989-08-28 13:04:30', '2016-01-06 10:02:46', 'ACTIVE');
INSERT INTO `communities` (`id`, `name`, `community_header`, `created_at`, `updated_at`, `community_status`) VALUES (90, 'ullam', NULL, '2021-05-23 18:31:06', '1991-03-08 23:42:46', 'INACTIVE');
INSERT INTO `communities` (`id`, `name`, `community_header`, `created_at`, `updated_at`, `community_status`) VALUES (91, 'eos', NULL, '2008-04-15 08:02:00', '1997-08-26 19:00:33', 'ACTIVE');
INSERT INTO `communities` (`id`, `name`, `community_header`, `created_at`, `updated_at`, `community_status`) VALUES (92, 'labore', NULL, '2019-06-24 11:30:22', '1974-05-03 15:54:58', 'ACTIVE');
INSERT INTO `communities` (`id`, `name`, `community_header`, `created_at`, `updated_at`, `community_status`) VALUES (93, 'nisi', NULL, '1995-04-29 17:08:03', '2013-08-04 08:25:23', 'INACTIVE');
INSERT INTO `communities` (`id`, `name`, `community_header`, `created_at`, `updated_at`, `community_status`) VALUES (94, 'eveniet', NULL, '2017-12-05 18:14:10', '1973-09-08 00:52:26', 'ACTIVE');
INSERT INTO `communities` (`id`, `name`, `community_header`, `created_at`, `updated_at`, `community_status`) VALUES (95, 'enim', NULL, '1978-07-18 10:53:03', '2009-08-21 09:59:34', 'INACTIVE');
INSERT INTO `communities` (`id`, `name`, `community_header`, `created_at`, `updated_at`, `community_status`) VALUES (96, 'hic', NULL, '2002-11-25 15:56:49', '2003-05-11 15:39:00', 'ACTIVE');
INSERT INTO `communities` (`id`, `name`, `community_header`, `created_at`, `updated_at`, `community_status`) VALUES (97, 'unde', NULL, '2003-01-17 01:53:35', '2020-01-11 11:00:56', 'ACTIVE');
INSERT INTO `communities` (`id`, `name`, `community_header`, `created_at`, `updated_at`, `community_status`) VALUES (98, 'culpa', NULL, '1988-08-21 09:50:00', '2019-03-17 01:38:43', 'ACTIVE');
INSERT INTO `communities` (`id`, `name`, `community_header`, `created_at`, `updated_at`, `community_status`) VALUES (99, 'iure', NULL, '2012-05-22 01:23:58', '1989-07-26 03:44:16', 'ACTIVE');
INSERT INTO `communities` (`id`, `name`, `community_header`, `created_at`, `updated_at`, `community_status`) VALUES (100, 'quibusdam', NULL, '1975-11-01 09:58:52', '2021-06-14 19:45:50', 'ACTIVE');

INSERT INTO `friendship` (`id`, `user_id`, `friend_id`, `friendship_status`, `requested_at`, `accepted_at`, `created_at`, `updated_at`) VALUES (1, 1, 1, 'FRIENDSHIP', '1983-03-20 04:04:20', '1981-03-10 16:30:21', '1999-02-02 19:57:39', '1996-04-02 02:43:58');
INSERT INTO `friendship` (`id`, `user_id`, `friend_id`, `friendship_status`, `requested_at`, `accepted_at`, `created_at`, `updated_at`) VALUES (2, 2, 2, 'FRIENDSHIP', '1978-01-26 21:54:37', '2019-10-06 14:36:17', '2010-02-02 18:41:58', '2020-09-20 06:14:19');
INSERT INTO `friendship` (`id`, `user_id`, `friend_id`, `friendship_status`, `requested_at`, `accepted_at`, `created_at`, `updated_at`) VALUES (3, 3, 3, 'BLOCKED', '2013-01-20 00:50:33', '1970-12-24 17:44:21', '2010-01-07 18:44:47', '2000-12-05 07:44:37');
INSERT INTO `friendship` (`id`, `user_id`, `friend_id`, `friendship_status`, `requested_at`, `accepted_at`, `created_at`, `updated_at`) VALUES (4, 4, 4, 'FOLLOWING', '2007-03-11 21:31:03', '1974-08-21 04:38:34', '1988-07-09 18:30:48', '1992-06-30 08:19:03');
INSERT INTO `friendship` (`id`, `user_id`, `friend_id`, `friendship_status`, `requested_at`, `accepted_at`, `created_at`, `updated_at`) VALUES (5, 5, 5, 'BLOCKED', '2012-02-16 13:51:03', '2004-05-27 12:45:30', '1983-12-03 11:54:47', '1980-03-27 21:33:38');
INSERT INTO `friendship` (`id`, `user_id`, `friend_id`, `friendship_status`, `requested_at`, `accepted_at`, `created_at`, `updated_at`) VALUES (6, 6, 6, 'BLOCKED', '2020-10-30 11:58:02', '2011-04-02 01:19:07', '2014-03-01 07:46:35', '1971-01-05 18:17:12');
INSERT INTO `friendship` (`id`, `user_id`, `friend_id`, `friendship_status`, `requested_at`, `accepted_at`, `created_at`, `updated_at`) VALUES (7, 7, 7, 'BLOCKED', '1993-04-05 14:22:00', '2002-09-08 20:37:33', '2014-06-24 09:03:58', '1999-09-30 17:49:07');
INSERT INTO `friendship` (`id`, `user_id`, `friend_id`, `friendship_status`, `requested_at`, `accepted_at`, `created_at`, `updated_at`) VALUES (8, 8, 8, 'FOLLOWING', '2000-03-16 19:45:26', '2016-07-13 11:07:31', '1988-04-22 12:46:38', '2011-06-16 20:02:33');
INSERT INTO `friendship` (`id`, `user_id`, `friend_id`, `friendship_status`, `requested_at`, `accepted_at`, `created_at`, `updated_at`) VALUES (9, 9, 9, 'BLOCKED', '2011-07-04 05:12:51', '1986-11-19 03:05:18', '1991-03-15 12:52:31', '2018-10-09 23:24:17');
INSERT INTO `friendship` (`id`, `user_id`, `friend_id`, `friendship_status`, `requested_at`, `accepted_at`, `created_at`, `updated_at`) VALUES (10, 10, 10, 'FOLLOWING', '2006-05-28 20:49:49', '1996-02-17 20:08:04', '1980-04-19 17:44:23', '1990-05-07 19:58:45');
INSERT INTO `friendship` (`id`, `user_id`, `friend_id`, `friendship_status`, `requested_at`, `accepted_at`, `created_at`, `updated_at`) VALUES (11, 11, 11, 'FOLLOWING', '2019-04-02 21:26:45', '1973-12-11 16:35:55', '1995-06-16 03:40:50', '2021-03-14 18:07:06');
INSERT INTO `friendship` (`id`, `user_id`, `friend_id`, `friendship_status`, `requested_at`, `accepted_at`, `created_at`, `updated_at`) VALUES (12, 12, 12, 'BLOCKED', '1998-05-31 08:24:01', '1992-06-18 23:54:23', '1981-08-14 06:42:20', '1985-07-22 18:47:53');
INSERT INTO `friendship` (`id`, `user_id`, `friend_id`, `friendship_status`, `requested_at`, `accepted_at`, `created_at`, `updated_at`) VALUES (13, 13, 13, 'FOLLOWING', '1998-12-03 21:07:07', '1976-03-04 17:34:02', '2016-11-03 22:41:54', '1977-10-10 13:50:54');
INSERT INTO `friendship` (`id`, `user_id`, `friend_id`, `friendship_status`, `requested_at`, `accepted_at`, `created_at`, `updated_at`) VALUES (14, 14, 14, 'FRIENDSHIP', '2015-06-15 21:48:33', '2013-12-29 11:01:02', '2011-04-01 17:50:13', '2019-04-13 01:45:17');
INSERT INTO `friendship` (`id`, `user_id`, `friend_id`, `friendship_status`, `requested_at`, `accepted_at`, `created_at`, `updated_at`) VALUES (15, 15, 15, 'FOLLOWING', '2002-02-18 22:10:40', '1976-09-16 22:45:18', '1976-03-17 17:17:45', '1973-11-17 21:32:03');
INSERT INTO `friendship` (`id`, `user_id`, `friend_id`, `friendship_status`, `requested_at`, `accepted_at`, `created_at`, `updated_at`) VALUES (16, 16, 16, 'FOLLOWING', '2008-05-25 03:00:47', '2011-02-04 20:57:01', '1970-05-31 06:38:11', '2004-01-21 19:30:23');
INSERT INTO `friendship` (`id`, `user_id`, `friend_id`, `friendship_status`, `requested_at`, `accepted_at`, `created_at`, `updated_at`) VALUES (17, 17, 17, 'FOLLOWING', '2013-09-27 12:33:31', '1993-11-01 07:23:15', '1976-10-22 11:52:59', '2020-01-26 22:17:06');
INSERT INTO `friendship` (`id`, `user_id`, `friend_id`, `friendship_status`, `requested_at`, `accepted_at`, `created_at`, `updated_at`) VALUES (18, 18, 18, 'FRIENDSHIP', '1987-08-25 12:37:13', '2020-05-20 06:30:55', '1993-02-10 22:17:40', '2020-12-04 01:05:03');
INSERT INTO `friendship` (`id`, `user_id`, `friend_id`, `friendship_status`, `requested_at`, `accepted_at`, `created_at`, `updated_at`) VALUES (19, 19, 19, 'FOLLOWING', '2005-02-16 06:30:04', '1983-06-17 23:27:58', '2009-01-18 07:49:26', '1980-03-26 04:38:33');
INSERT INTO `friendship` (`id`, `user_id`, `friend_id`, `friendship_status`, `requested_at`, `accepted_at`, `created_at`, `updated_at`) VALUES (20, 20, 20, 'BLOCKED', '1975-07-29 19:03:11', '2010-12-30 03:39:57', '2006-12-11 14:48:25', '2018-11-23 08:50:56');
INSERT INTO `friendship` (`id`, `user_id`, `friend_id`, `friendship_status`, `requested_at`, `accepted_at`, `created_at`, `updated_at`) VALUES (21, 21, 21, 'FOLLOWING', '1997-08-10 17:38:21', '1993-09-26 07:26:44', '1985-04-16 20:42:28', '1997-01-02 14:19:05');
INSERT INTO `friendship` (`id`, `user_id`, `friend_id`, `friendship_status`, `requested_at`, `accepted_at`, `created_at`, `updated_at`) VALUES (22, 22, 22, 'FRIENDSHIP', '1998-03-30 08:23:51', '2007-10-17 20:03:32', '1999-10-03 03:30:10', '2005-11-03 06:36:16');
INSERT INTO `friendship` (`id`, `user_id`, `friend_id`, `friendship_status`, `requested_at`, `accepted_at`, `created_at`, `updated_at`) VALUES (23, 23, 23, 'FRIENDSHIP', '2011-05-30 17:19:11', '1990-12-26 01:46:13', '2015-07-05 22:43:48', '1993-07-03 09:08:53');
INSERT INTO `friendship` (`id`, `user_id`, `friend_id`, `friendship_status`, `requested_at`, `accepted_at`, `created_at`, `updated_at`) VALUES (24, 24, 24, 'FRIENDSHIP', '1987-03-25 17:23:45', '1992-08-16 06:56:22', '2020-04-07 17:46:17', '1988-10-27 07:10:11');
INSERT INTO `friendship` (`id`, `user_id`, `friend_id`, `friendship_status`, `requested_at`, `accepted_at`, `created_at`, `updated_at`) VALUES (25, 25, 25, 'FRIENDSHIP', '2018-07-18 22:58:45', '1985-03-20 03:39:15', '1977-06-05 06:46:34', '2000-01-12 14:13:49');
INSERT INTO `friendship` (`id`, `user_id`, `friend_id`, `friendship_status`, `requested_at`, `accepted_at`, `created_at`, `updated_at`) VALUES (26, 26, 26, 'BLOCKED', '2011-01-02 02:31:25', '2001-05-22 14:10:37', '1979-12-21 01:01:00', '1988-02-03 10:09:45');
INSERT INTO `friendship` (`id`, `user_id`, `friend_id`, `friendship_status`, `requested_at`, `accepted_at`, `created_at`, `updated_at`) VALUES (27, 27, 27, 'FOLLOWING', '2015-01-03 20:46:43', '1993-03-15 19:20:52', '1974-03-21 18:40:32', '2018-03-20 15:34:08');
INSERT INTO `friendship` (`id`, `user_id`, `friend_id`, `friendship_status`, `requested_at`, `accepted_at`, `created_at`, `updated_at`) VALUES (28, 28, 28, 'FRIENDSHIP', '2011-05-02 18:14:22', '1981-03-01 10:40:44', '1988-03-04 20:12:54', '1978-12-05 07:42:13');
INSERT INTO `friendship` (`id`, `user_id`, `friend_id`, `friendship_status`, `requested_at`, `accepted_at`, `created_at`, `updated_at`) VALUES (29, 29, 29, 'FOLLOWING', '1987-05-27 08:49:46', '2014-04-25 07:56:30', '1970-06-18 00:33:51', '2006-03-18 14:22:57');
INSERT INTO `friendship` (`id`, `user_id`, `friend_id`, `friendship_status`, `requested_at`, `accepted_at`, `created_at`, `updated_at`) VALUES (30, 30, 30, 'FRIENDSHIP', '2010-03-09 05:58:56', '1994-05-18 04:16:36', '2005-04-29 21:22:53', '1993-09-30 03:44:44');
INSERT INTO `friendship` (`id`, `user_id`, `friend_id`, `friendship_status`, `requested_at`, `accepted_at`, `created_at`, `updated_at`) VALUES (31, 31, 31, 'FOLLOWING', '2006-09-14 01:41:39', '2007-11-30 13:54:53', '1994-07-27 16:18:01', '1984-11-11 17:12:12');
INSERT INTO `friendship` (`id`, `user_id`, `friend_id`, `friendship_status`, `requested_at`, `accepted_at`, `created_at`, `updated_at`) VALUES (32, 32, 32, 'FOLLOWING', '2010-11-24 13:22:52', '1998-11-17 02:09:53', '1978-01-10 12:50:44', '2002-10-16 15:55:02');
INSERT INTO `friendship` (`id`, `user_id`, `friend_id`, `friendship_status`, `requested_at`, `accepted_at`, `created_at`, `updated_at`) VALUES (33, 33, 33, 'BLOCKED', '2016-07-03 17:36:35', '2009-11-13 19:51:55', '1973-01-10 10:08:48', '2008-10-23 08:26:41');
INSERT INTO `friendship` (`id`, `user_id`, `friend_id`, `friendship_status`, `requested_at`, `accepted_at`, `created_at`, `updated_at`) VALUES (34, 34, 34, 'FRIENDSHIP', '1986-09-23 01:52:53', '1995-10-12 06:39:48', '2011-11-19 17:43:41', '2018-01-28 00:42:30');
INSERT INTO `friendship` (`id`, `user_id`, `friend_id`, `friendship_status`, `requested_at`, `accepted_at`, `created_at`, `updated_at`) VALUES (35, 35, 35, 'FRIENDSHIP', '1981-03-16 13:27:47', '2002-12-06 03:48:35', '1999-12-28 14:01:54', '1985-07-13 18:47:40');
INSERT INTO `friendship` (`id`, `user_id`, `friend_id`, `friendship_status`, `requested_at`, `accepted_at`, `created_at`, `updated_at`) VALUES (36, 36, 36, 'BLOCKED', '1989-07-13 04:33:21', '2006-07-18 22:01:03', '2000-04-28 13:28:14', '1986-08-15 19:42:35');
INSERT INTO `friendship` (`id`, `user_id`, `friend_id`, `friendship_status`, `requested_at`, `accepted_at`, `created_at`, `updated_at`) VALUES (37, 37, 37, 'FRIENDSHIP', '1996-11-07 19:28:36', '2019-01-17 05:54:48', '1970-10-11 05:17:43', '1986-11-01 04:41:47');
INSERT INTO `friendship` (`id`, `user_id`, `friend_id`, `friendship_status`, `requested_at`, `accepted_at`, `created_at`, `updated_at`) VALUES (38, 38, 38, 'FOLLOWING', '2020-10-28 08:12:02', '2003-01-03 23:17:01', '2003-12-03 12:10:06', '2016-10-07 00:23:07');
INSERT INTO `friendship` (`id`, `user_id`, `friend_id`, `friendship_status`, `requested_at`, `accepted_at`, `created_at`, `updated_at`) VALUES (39, 39, 39, 'BLOCKED', '2001-08-19 14:44:43', '1979-06-05 01:38:56', '1976-08-17 17:11:56', '2020-08-21 13:19:17');
INSERT INTO `friendship` (`id`, `user_id`, `friend_id`, `friendship_status`, `requested_at`, `accepted_at`, `created_at`, `updated_at`) VALUES (40, 40, 40, 'FRIENDSHIP', '1998-02-23 04:46:32', '2007-04-18 23:35:56', '1991-03-05 01:01:37', '1983-07-16 03:54:55');
INSERT INTO `friendship` (`id`, `user_id`, `friend_id`, `friendship_status`, `requested_at`, `accepted_at`, `created_at`, `updated_at`) VALUES (41, 41, 41, 'FRIENDSHIP', '1980-10-05 14:29:09', '2019-08-11 07:02:26', '1977-10-21 02:38:38', '2020-05-31 04:21:29');
INSERT INTO `friendship` (`id`, `user_id`, `friend_id`, `friendship_status`, `requested_at`, `accepted_at`, `created_at`, `updated_at`) VALUES (42, 42, 42, 'BLOCKED', '1996-01-28 01:13:07', '2021-03-15 13:36:53', '1994-02-08 06:47:10', '1999-02-14 05:55:36');
INSERT INTO `friendship` (`id`, `user_id`, `friend_id`, `friendship_status`, `requested_at`, `accepted_at`, `created_at`, `updated_at`) VALUES (43, 43, 43, 'BLOCKED', '2011-01-16 08:09:42', '1983-08-09 16:46:42', '1990-04-01 09:21:41', '1988-06-29 21:25:51');
INSERT INTO `friendship` (`id`, `user_id`, `friend_id`, `friendship_status`, `requested_at`, `accepted_at`, `created_at`, `updated_at`) VALUES (44, 44, 44, 'FRIENDSHIP', '1983-07-06 05:02:11', '2008-01-09 19:00:06', '2014-01-11 06:02:15', '1971-04-19 07:06:48');
INSERT INTO `friendship` (`id`, `user_id`, `friend_id`, `friendship_status`, `requested_at`, `accepted_at`, `created_at`, `updated_at`) VALUES (45, 45, 45, 'FOLLOWING', '1997-02-25 08:43:16', '1981-08-17 11:38:51', '1987-01-22 13:15:22', '1996-09-03 23:37:04');
INSERT INTO `friendship` (`id`, `user_id`, `friend_id`, `friendship_status`, `requested_at`, `accepted_at`, `created_at`, `updated_at`) VALUES (46, 46, 46, 'FRIENDSHIP', '1992-03-30 23:06:50', '2010-09-23 08:32:08', '1998-02-07 10:27:22', '2002-03-09 19:11:44');
INSERT INTO `friendship` (`id`, `user_id`, `friend_id`, `friendship_status`, `requested_at`, `accepted_at`, `created_at`, `updated_at`) VALUES (47, 47, 47, 'FOLLOWING', '1978-06-30 17:10:29', '1995-11-20 16:27:15', '2000-11-25 13:20:21', '2020-12-02 01:22:09');
INSERT INTO `friendship` (`id`, `user_id`, `friend_id`, `friendship_status`, `requested_at`, `accepted_at`, `created_at`, `updated_at`) VALUES (48, 48, 48, 'BLOCKED', '2016-01-09 10:49:02', '2016-08-18 04:32:44', '1998-01-25 14:25:04', '1979-08-08 23:58:46');
INSERT INTO `friendship` (`id`, `user_id`, `friend_id`, `friendship_status`, `requested_at`, `accepted_at`, `created_at`, `updated_at`) VALUES (49, 49, 49, 'FRIENDSHIP', '2019-02-07 00:52:43', '1980-06-03 18:31:27', '2002-12-07 09:36:52', '1983-01-25 19:38:56');
INSERT INTO `friendship` (`id`, `user_id`, `friend_id`, `friendship_status`, `requested_at`, `accepted_at`, `created_at`, `updated_at`) VALUES (50, 50, 50, 'FRIENDSHIP', '1980-05-10 01:53:15', '2021-01-09 02:22:26', '2015-07-31 02:22:29', '2004-02-14 00:24:16');
INSERT INTO `friendship` (`id`, `user_id`, `friend_id`, `friendship_status`, `requested_at`, `accepted_at`, `created_at`, `updated_at`) VALUES (51, 51, 51, 'FOLLOWING', '1980-04-15 21:32:51', '1984-03-01 04:43:57', '2020-01-30 09:42:51', '2007-04-08 16:53:04');
INSERT INTO `friendship` (`id`, `user_id`, `friend_id`, `friendship_status`, `requested_at`, `accepted_at`, `created_at`, `updated_at`) VALUES (52, 52, 52, 'FRIENDSHIP', '1997-10-31 16:19:00', '2003-08-31 08:46:32', '2010-07-26 01:13:59', '1972-08-01 04:03:09');
INSERT INTO `friendship` (`id`, `user_id`, `friend_id`, `friendship_status`, `requested_at`, `accepted_at`, `created_at`, `updated_at`) VALUES (53, 53, 53, 'FOLLOWING', '2002-12-28 12:55:15', '1977-11-05 17:56:56', '2004-04-29 04:21:15', '1971-11-01 18:40:49');
INSERT INTO `friendship` (`id`, `user_id`, `friend_id`, `friendship_status`, `requested_at`, `accepted_at`, `created_at`, `updated_at`) VALUES (54, 54, 54, 'FOLLOWING', '2018-06-23 10:26:52', '1984-12-26 09:24:16', '1982-02-18 14:03:55', '1996-11-17 11:16:08');
INSERT INTO `friendship` (`id`, `user_id`, `friend_id`, `friendship_status`, `requested_at`, `accepted_at`, `created_at`, `updated_at`) VALUES (55, 55, 55, 'FOLLOWING', '2021-02-24 17:02:12', '1979-07-24 16:44:53', '1997-05-23 10:21:17', '1970-10-02 23:07:59');
INSERT INTO `friendship` (`id`, `user_id`, `friend_id`, `friendship_status`, `requested_at`, `accepted_at`, `created_at`, `updated_at`) VALUES (56, 56, 56, 'FRIENDSHIP', '1973-06-30 02:22:34', '2012-07-30 08:27:36', '1985-04-06 01:41:39', '2011-11-20 16:16:06');
INSERT INTO `friendship` (`id`, `user_id`, `friend_id`, `friendship_status`, `requested_at`, `accepted_at`, `created_at`, `updated_at`) VALUES (57, 57, 57, 'BLOCKED', '1976-05-21 04:10:15', '1999-01-19 11:05:56', '1981-11-06 12:00:18', '2013-08-26 11:49:42');
INSERT INTO `friendship` (`id`, `user_id`, `friend_id`, `friendship_status`, `requested_at`, `accepted_at`, `created_at`, `updated_at`) VALUES (58, 58, 58, 'FRIENDSHIP', '2005-10-12 15:20:46', '2021-06-29 03:39:52', '1973-05-28 19:41:12', '1994-02-17 02:48:33');
INSERT INTO `friendship` (`id`, `user_id`, `friend_id`, `friendship_status`, `requested_at`, `accepted_at`, `created_at`, `updated_at`) VALUES (59, 59, 59, 'BLOCKED', '1989-02-14 15:53:33', '1999-07-21 01:42:38', '1988-06-19 11:59:45', '1992-12-29 23:57:33');
INSERT INTO `friendship` (`id`, `user_id`, `friend_id`, `friendship_status`, `requested_at`, `accepted_at`, `created_at`, `updated_at`) VALUES (60, 60, 60, 'FRIENDSHIP', '2016-05-19 15:42:58', '1998-08-19 10:27:01', '2000-08-27 20:40:29', '2012-12-08 06:10:50');
INSERT INTO `friendship` (`id`, `user_id`, `friend_id`, `friendship_status`, `requested_at`, `accepted_at`, `created_at`, `updated_at`) VALUES (61, 61, 61, 'FRIENDSHIP', '1983-02-27 17:14:49', '1976-01-01 02:53:06', '1977-03-08 01:31:12', '1991-03-09 22:16:02');
INSERT INTO `friendship` (`id`, `user_id`, `friend_id`, `friendship_status`, `requested_at`, `accepted_at`, `created_at`, `updated_at`) VALUES (62, 62, 62, 'BLOCKED', '2013-05-27 19:55:01', '1983-01-20 13:23:38', '2010-09-07 15:19:17', '1973-01-20 11:57:23');
INSERT INTO `friendship` (`id`, `user_id`, `friend_id`, `friendship_status`, `requested_at`, `accepted_at`, `created_at`, `updated_at`) VALUES (63, 63, 63, 'FRIENDSHIP', '1996-11-12 21:56:16', '1996-12-19 00:46:09', '1982-07-03 17:33:26', '2014-01-07 14:36:51');
INSERT INTO `friendship` (`id`, `user_id`, `friend_id`, `friendship_status`, `requested_at`, `accepted_at`, `created_at`, `updated_at`) VALUES (64, 64, 64, 'BLOCKED', '1983-06-19 11:51:57', '2006-09-24 21:47:43', '1999-10-20 07:33:13', '1994-04-05 14:31:26');
INSERT INTO `friendship` (`id`, `user_id`, `friend_id`, `friendship_status`, `requested_at`, `accepted_at`, `created_at`, `updated_at`) VALUES (65, 65, 65, 'BLOCKED', '1978-08-02 18:11:06', '1970-12-12 08:51:25', '1980-09-15 04:24:24', '1991-08-02 02:49:36');
INSERT INTO `friendship` (`id`, `user_id`, `friend_id`, `friendship_status`, `requested_at`, `accepted_at`, `created_at`, `updated_at`) VALUES (66, 66, 66, 'FRIENDSHIP', '1975-05-11 23:32:35', '1980-10-13 13:39:48', '1998-01-23 09:18:50', '2001-06-14 03:17:36');
INSERT INTO `friendship` (`id`, `user_id`, `friend_id`, `friendship_status`, `requested_at`, `accepted_at`, `created_at`, `updated_at`) VALUES (67, 67, 67, 'BLOCKED', '1989-09-17 21:57:38', '1977-08-21 17:20:55', '2004-07-25 04:04:39', '1982-02-15 11:00:17');
INSERT INTO `friendship` (`id`, `user_id`, `friend_id`, `friendship_status`, `requested_at`, `accepted_at`, `created_at`, `updated_at`) VALUES (68, 68, 68, 'BLOCKED', '1990-12-01 05:53:10', '1995-05-15 11:50:11', '2021-01-08 02:27:42', '2012-11-05 05:01:28');
INSERT INTO `friendship` (`id`, `user_id`, `friend_id`, `friendship_status`, `requested_at`, `accepted_at`, `created_at`, `updated_at`) VALUES (69, 69, 69, 'FRIENDSHIP', '2010-02-05 05:17:20', '1998-05-02 17:01:04', '1977-09-13 01:56:39', '2009-11-20 17:50:38');
INSERT INTO `friendship` (`id`, `user_id`, `friend_id`, `friendship_status`, `requested_at`, `accepted_at`, `created_at`, `updated_at`) VALUES (70, 70, 70, 'FOLLOWING', '2009-07-08 02:58:43', '1992-06-25 18:23:33', '2021-02-01 10:26:32', '2012-01-28 17:43:16');
INSERT INTO `friendship` (`id`, `user_id`, `friend_id`, `friendship_status`, `requested_at`, `accepted_at`, `created_at`, `updated_at`) VALUES (71, 71, 71, 'BLOCKED', '1990-10-20 21:33:14', '1992-07-13 16:39:30', '2016-12-08 13:25:05', '1973-12-11 04:13:14');
INSERT INTO `friendship` (`id`, `user_id`, `friend_id`, `friendship_status`, `requested_at`, `accepted_at`, `created_at`, `updated_at`) VALUES (72, 72, 72, 'FOLLOWING', '1992-02-24 22:45:38', '1980-08-31 18:53:22', '1988-03-15 14:10:25', '2011-10-06 18:49:40');
INSERT INTO `friendship` (`id`, `user_id`, `friend_id`, `friendship_status`, `requested_at`, `accepted_at`, `created_at`, `updated_at`) VALUES (73, 73, 73, 'FOLLOWING', '1974-12-12 18:57:43', '2014-11-10 00:08:25', '1980-01-10 12:30:09', '1973-06-01 22:38:56');
INSERT INTO `friendship` (`id`, `user_id`, `friend_id`, `friendship_status`, `requested_at`, `accepted_at`, `created_at`, `updated_at`) VALUES (74, 74, 74, 'BLOCKED', '2009-12-30 09:05:48', '2007-10-10 01:59:35', '1979-02-11 07:09:13', '1995-01-24 15:35:16');
INSERT INTO `friendship` (`id`, `user_id`, `friend_id`, `friendship_status`, `requested_at`, `accepted_at`, `created_at`, `updated_at`) VALUES (75, 75, 75, 'FOLLOWING', '2019-11-15 03:42:10', '1987-10-13 21:16:32', '1979-02-05 23:33:31', '1977-12-16 17:24:35');
INSERT INTO `friendship` (`id`, `user_id`, `friend_id`, `friendship_status`, `requested_at`, `accepted_at`, `created_at`, `updated_at`) VALUES (76, 76, 76, 'FRIENDSHIP', '2013-04-26 04:17:23', '1986-07-25 06:09:40', '2020-04-27 21:39:23', '1989-12-24 13:12:46');
INSERT INTO `friendship` (`id`, `user_id`, `friend_id`, `friendship_status`, `requested_at`, `accepted_at`, `created_at`, `updated_at`) VALUES (77, 77, 77, 'BLOCKED', '2019-05-30 04:14:02', '1973-04-02 04:01:51', '1985-10-12 05:24:21', '2008-09-13 15:52:10');
INSERT INTO `friendship` (`id`, `user_id`, `friend_id`, `friendship_status`, `requested_at`, `accepted_at`, `created_at`, `updated_at`) VALUES (78, 78, 78, 'FRIENDSHIP', '1992-07-20 03:03:40', '2013-10-21 14:18:18', '2014-05-12 19:13:31', '1980-05-27 08:39:17');
INSERT INTO `friendship` (`id`, `user_id`, `friend_id`, `friendship_status`, `requested_at`, `accepted_at`, `created_at`, `updated_at`) VALUES (79, 79, 79, 'FRIENDSHIP', '1993-01-14 16:36:54', '2020-02-18 14:26:37', '1970-09-28 14:22:11', '1979-04-16 03:20:16');
INSERT INTO `friendship` (`id`, `user_id`, `friend_id`, `friendship_status`, `requested_at`, `accepted_at`, `created_at`, `updated_at`) VALUES (80, 80, 80, 'FOLLOWING', '2014-07-28 05:23:28', '1974-09-23 15:08:08', '2001-12-30 21:57:01', '2012-09-24 22:05:42');
INSERT INTO `friendship` (`id`, `user_id`, `friend_id`, `friendship_status`, `requested_at`, `accepted_at`, `created_at`, `updated_at`) VALUES (81, 81, 81, 'BLOCKED', '1993-11-14 00:46:16', '2005-08-30 13:21:29', '1981-09-25 22:48:56', '2005-09-10 19:49:59');
INSERT INTO `friendship` (`id`, `user_id`, `friend_id`, `friendship_status`, `requested_at`, `accepted_at`, `created_at`, `updated_at`) VALUES (82, 82, 82, 'BLOCKED', '2020-07-01 09:00:12', '1973-08-01 13:13:10', '1977-11-25 05:58:05', '2015-10-22 01:17:00');
INSERT INTO `friendship` (`id`, `user_id`, `friend_id`, `friendship_status`, `requested_at`, `accepted_at`, `created_at`, `updated_at`) VALUES (83, 83, 83, 'BLOCKED', '1982-06-05 05:31:16', '2014-11-13 11:14:18', '1983-11-20 06:55:17', '1972-04-26 08:48:28');
INSERT INTO `friendship` (`id`, `user_id`, `friend_id`, `friendship_status`, `requested_at`, `accepted_at`, `created_at`, `updated_at`) VALUES (84, 84, 84, 'FRIENDSHIP', '2016-03-27 00:36:41', '1980-09-22 12:16:50', '1986-10-22 17:36:13', '2019-08-18 17:34:36');
INSERT INTO `friendship` (`id`, `user_id`, `friend_id`, `friendship_status`, `requested_at`, `accepted_at`, `created_at`, `updated_at`) VALUES (85, 85, 85, 'BLOCKED', '1993-05-09 09:25:45', '1979-08-01 03:56:50', '2013-04-06 18:36:41', '2012-02-25 12:16:57');
INSERT INTO `friendship` (`id`, `user_id`, `friend_id`, `friendship_status`, `requested_at`, `accepted_at`, `created_at`, `updated_at`) VALUES (86, 86, 86, 'BLOCKED', '1992-06-05 00:32:52', '2019-12-01 07:36:25', '2004-05-05 23:01:53', '2002-11-08 16:43:30');
INSERT INTO `friendship` (`id`, `user_id`, `friend_id`, `friendship_status`, `requested_at`, `accepted_at`, `created_at`, `updated_at`) VALUES (87, 87, 87, 'BLOCKED', '1978-10-15 17:26:05', '1976-03-09 00:37:32', '2016-03-23 05:58:30', '2011-07-19 17:33:57');
INSERT INTO `friendship` (`id`, `user_id`, `friend_id`, `friendship_status`, `requested_at`, `accepted_at`, `created_at`, `updated_at`) VALUES (88, 88, 88, 'FOLLOWING', '1989-08-09 19:38:23', '2011-09-05 09:29:28', '2013-05-30 22:53:50', '1994-01-11 20:31:23');
INSERT INTO `friendship` (`id`, `user_id`, `friend_id`, `friendship_status`, `requested_at`, `accepted_at`, `created_at`, `updated_at`) VALUES (89, 89, 89, 'BLOCKED', '1972-03-21 07:02:08', '2009-05-15 17:37:43', '2016-10-25 10:19:12', '2017-11-22 00:00:25');
INSERT INTO `friendship` (`id`, `user_id`, `friend_id`, `friendship_status`, `requested_at`, `accepted_at`, `created_at`, `updated_at`) VALUES (90, 90, 90, 'BLOCKED', '1990-08-15 07:31:05', '1983-04-03 00:00:51', '1996-12-19 03:17:03', '2012-01-09 21:39:16');
INSERT INTO `friendship` (`id`, `user_id`, `friend_id`, `friendship_status`, `requested_at`, `accepted_at`, `created_at`, `updated_at`) VALUES (91, 91, 91, 'FOLLOWING', '1993-05-21 16:37:24', '2013-11-28 06:17:31', '2000-09-13 20:49:33', '1974-11-03 05:36:03');
INSERT INTO `friendship` (`id`, `user_id`, `friend_id`, `friendship_status`, `requested_at`, `accepted_at`, `created_at`, `updated_at`) VALUES (92, 92, 92, 'FRIENDSHIP', '2013-10-12 16:23:45', '2014-05-15 17:32:38', '2007-02-22 01:42:27', '2003-10-22 11:02:01');
INSERT INTO `friendship` (`id`, `user_id`, `friend_id`, `friendship_status`, `requested_at`, `accepted_at`, `created_at`, `updated_at`) VALUES (93, 93, 93, 'FOLLOWING', '1991-03-01 09:03:43', '1990-10-12 13:58:49', '1993-02-14 19:46:45', '2007-01-17 21:51:56');
INSERT INTO `friendship` (`id`, `user_id`, `friend_id`, `friendship_status`, `requested_at`, `accepted_at`, `created_at`, `updated_at`) VALUES (94, 94, 94, 'BLOCKED', '2021-05-14 08:20:54', '2001-09-12 23:53:11', '1975-07-02 17:41:32', '1998-06-24 20:56:08');
INSERT INTO `friendship` (`id`, `user_id`, `friend_id`, `friendship_status`, `requested_at`, `accepted_at`, `created_at`, `updated_at`) VALUES (95, 95, 95, 'BLOCKED', '1988-05-03 09:01:59', '1998-07-25 14:43:50', '1999-04-09 23:19:36', '1982-09-11 20:15:01');
INSERT INTO `friendship` (`id`, `user_id`, `friend_id`, `friendship_status`, `requested_at`, `accepted_at`, `created_at`, `updated_at`) VALUES (96, 96, 96, 'BLOCKED', '1989-07-03 04:47:31', '1981-12-06 13:24:05', '1973-11-04 22:04:49', '2019-07-03 16:07:44');
INSERT INTO `friendship` (`id`, `user_id`, `friend_id`, `friendship_status`, `requested_at`, `accepted_at`, `created_at`, `updated_at`) VALUES (97, 97, 97, 'FOLLOWING', '2007-01-26 09:48:41', '1985-12-01 03:33:12', '1987-01-20 16:37:06', '2007-07-07 23:43:07');
INSERT INTO `friendship` (`id`, `user_id`, `friend_id`, `friendship_status`, `requested_at`, `accepted_at`, `created_at`, `updated_at`) VALUES (98, 98, 98, 'BLOCKED', '2001-10-31 05:20:13', '2020-02-20 02:50:23', '1976-11-16 08:58:33', '1987-06-16 18:58:32');
INSERT INTO `friendship` (`id`, `user_id`, `friend_id`, `friendship_status`, `requested_at`, `accepted_at`, `created_at`, `updated_at`) VALUES (99, 99, 99, 'FOLLOWING', '2011-05-21 01:57:42', '2019-03-18 15:01:54', '2002-07-05 00:06:33', '2003-05-10 11:36:19');
INSERT INTO `friendship` (`id`, `user_id`, `friend_id`, `friendship_status`, `requested_at`, `accepted_at`, `created_at`, `updated_at`) VALUES (100, 100, 100, 'BLOCKED', '2005-03-04 18:01:41', '2005-02-11 02:41:41', '1974-04-18 19:30:47', '1985-10-15 07:06:28');

INSERT INTO `members` (`id`, `community_id`, `user_id`) VALUES (1, 1, 1);
INSERT INTO `members` (`id`, `community_id`, `user_id`) VALUES (2, 2, 2);
INSERT INTO `members` (`id`, `community_id`, `user_id`) VALUES (3, 3, 3);
INSERT INTO `members` (`id`, `community_id`, `user_id`) VALUES (4, 4, 4);
INSERT INTO `members` (`id`, `community_id`, `user_id`) VALUES (5, 5, 5);
INSERT INTO `members` (`id`, `community_id`, `user_id`) VALUES (6, 6, 6);
INSERT INTO `members` (`id`, `community_id`, `user_id`) VALUES (7, 7, 7);
INSERT INTO `members` (`id`, `community_id`, `user_id`) VALUES (8, 8, 8);
INSERT INTO `members` (`id`, `community_id`, `user_id`) VALUES (9, 9, 9);
INSERT INTO `members` (`id`, `community_id`, `user_id`) VALUES (10, 10, 10);
INSERT INTO `members` (`id`, `community_id`, `user_id`) VALUES (11, 11, 11);
INSERT INTO `members` (`id`, `community_id`, `user_id`) VALUES (12, 12, 12);
INSERT INTO `members` (`id`, `community_id`, `user_id`) VALUES (13, 13, 13);
INSERT INTO `members` (`id`, `community_id`, `user_id`) VALUES (14, 14, 14);
INSERT INTO `members` (`id`, `community_id`, `user_id`) VALUES (15, 15, 15);
INSERT INTO `members` (`id`, `community_id`, `user_id`) VALUES (16, 16, 16);
INSERT INTO `members` (`id`, `community_id`, `user_id`) VALUES (17, 17, 17);
INSERT INTO `members` (`id`, `community_id`, `user_id`) VALUES (18, 18, 18);
INSERT INTO `members` (`id`, `community_id`, `user_id`) VALUES (19, 19, 19);
INSERT INTO `members` (`id`, `community_id`, `user_id`) VALUES (20, 20, 20);
INSERT INTO `members` (`id`, `community_id`, `user_id`) VALUES (21, 21, 21);
INSERT INTO `members` (`id`, `community_id`, `user_id`) VALUES (22, 22, 22);
INSERT INTO `members` (`id`, `community_id`, `user_id`) VALUES (23, 23, 23);
INSERT INTO `members` (`id`, `community_id`, `user_id`) VALUES (24, 24, 24);
INSERT INTO `members` (`id`, `community_id`, `user_id`) VALUES (25, 25, 25);
INSERT INTO `members` (`id`, `community_id`, `user_id`) VALUES (26, 26, 26);
INSERT INTO `members` (`id`, `community_id`, `user_id`) VALUES (27, 27, 27);
INSERT INTO `members` (`id`, `community_id`, `user_id`) VALUES (28, 28, 28);
INSERT INTO `members` (`id`, `community_id`, `user_id`) VALUES (29, 29, 29);
INSERT INTO `members` (`id`, `community_id`, `user_id`) VALUES (30, 30, 30);
INSERT INTO `members` (`id`, `community_id`, `user_id`) VALUES (31, 31, 31);
INSERT INTO `members` (`id`, `community_id`, `user_id`) VALUES (32, 32, 32);
INSERT INTO `members` (`id`, `community_id`, `user_id`) VALUES (33, 33, 33);
INSERT INTO `members` (`id`, `community_id`, `user_id`) VALUES (34, 34, 34);
INSERT INTO `members` (`id`, `community_id`, `user_id`) VALUES (35, 35, 35);
INSERT INTO `members` (`id`, `community_id`, `user_id`) VALUES (36, 36, 36);
INSERT INTO `members` (`id`, `community_id`, `user_id`) VALUES (37, 37, 37);
INSERT INTO `members` (`id`, `community_id`, `user_id`) VALUES (38, 38, 38);
INSERT INTO `members` (`id`, `community_id`, `user_id`) VALUES (39, 39, 39);
INSERT INTO `members` (`id`, `community_id`, `user_id`) VALUES (40, 40, 40);
INSERT INTO `members` (`id`, `community_id`, `user_id`) VALUES (41, 41, 41);
INSERT INTO `members` (`id`, `community_id`, `user_id`) VALUES (42, 42, 42);
INSERT INTO `members` (`id`, `community_id`, `user_id`) VALUES (43, 43, 43);
INSERT INTO `members` (`id`, `community_id`, `user_id`) VALUES (44, 44, 44);
INSERT INTO `members` (`id`, `community_id`, `user_id`) VALUES (45, 45, 45);
INSERT INTO `members` (`id`, `community_id`, `user_id`) VALUES (46, 46, 46);
INSERT INTO `members` (`id`, `community_id`, `user_id`) VALUES (47, 47, 47);
INSERT INTO `members` (`id`, `community_id`, `user_id`) VALUES (48, 48, 48);
INSERT INTO `members` (`id`, `community_id`, `user_id`) VALUES (49, 49, 49);
INSERT INTO `members` (`id`, `community_id`, `user_id`) VALUES (50, 50, 50);
INSERT INTO `members` (`id`, `community_id`, `user_id`) VALUES (51, 51, 51);
INSERT INTO `members` (`id`, `community_id`, `user_id`) VALUES (52, 52, 52);
INSERT INTO `members` (`id`, `community_id`, `user_id`) VALUES (53, 53, 53);
INSERT INTO `members` (`id`, `community_id`, `user_id`) VALUES (54, 54, 54);
INSERT INTO `members` (`id`, `community_id`, `user_id`) VALUES (55, 55, 55);
INSERT INTO `members` (`id`, `community_id`, `user_id`) VALUES (56, 56, 56);
INSERT INTO `members` (`id`, `community_id`, `user_id`) VALUES (57, 57, 57);
INSERT INTO `members` (`id`, `community_id`, `user_id`) VALUES (58, 58, 58);
INSERT INTO `members` (`id`, `community_id`, `user_id`) VALUES (59, 59, 59);
INSERT INTO `members` (`id`, `community_id`, `user_id`) VALUES (60, 60, 60);
INSERT INTO `members` (`id`, `community_id`, `user_id`) VALUES (61, 61, 61);
INSERT INTO `members` (`id`, `community_id`, `user_id`) VALUES (62, 62, 62);
INSERT INTO `members` (`id`, `community_id`, `user_id`) VALUES (63, 63, 63);
INSERT INTO `members` (`id`, `community_id`, `user_id`) VALUES (64, 64, 64);
INSERT INTO `members` (`id`, `community_id`, `user_id`) VALUES (65, 65, 65);
INSERT INTO `members` (`id`, `community_id`, `user_id`) VALUES (66, 66, 66);
INSERT INTO `members` (`id`, `community_id`, `user_id`) VALUES (67, 67, 67);
INSERT INTO `members` (`id`, `community_id`, `user_id`) VALUES (68, 68, 68);
INSERT INTO `members` (`id`, `community_id`, `user_id`) VALUES (69, 69, 69);
INSERT INTO `members` (`id`, `community_id`, `user_id`) VALUES (70, 70, 70);
INSERT INTO `members` (`id`, `community_id`, `user_id`) VALUES (71, 71, 71);
INSERT INTO `members` (`id`, `community_id`, `user_id`) VALUES (72, 72, 72);
INSERT INTO `members` (`id`, `community_id`, `user_id`) VALUES (73, 73, 73);
INSERT INTO `members` (`id`, `community_id`, `user_id`) VALUES (74, 74, 74);
INSERT INTO `members` (`id`, `community_id`, `user_id`) VALUES (75, 75, 75);
INSERT INTO `members` (`id`, `community_id`, `user_id`) VALUES (76, 76, 76);
INSERT INTO `members` (`id`, `community_id`, `user_id`) VALUES (77, 77, 77);
INSERT INTO `members` (`id`, `community_id`, `user_id`) VALUES (78, 78, 78);
INSERT INTO `members` (`id`, `community_id`, `user_id`) VALUES (79, 79, 79);
INSERT INTO `members` (`id`, `community_id`, `user_id`) VALUES (80, 80, 80);
INSERT INTO `members` (`id`, `community_id`, `user_id`) VALUES (81, 81, 81);
INSERT INTO `members` (`id`, `community_id`, `user_id`) VALUES (82, 82, 82);
INSERT INTO `members` (`id`, `community_id`, `user_id`) VALUES (83, 83, 83);
INSERT INTO `members` (`id`, `community_id`, `user_id`) VALUES (84, 84, 84);
INSERT INTO `members` (`id`, `community_id`, `user_id`) VALUES (85, 85, 85);
INSERT INTO `members` (`id`, `community_id`, `user_id`) VALUES (86, 86, 86);
INSERT INTO `members` (`id`, `community_id`, `user_id`) VALUES (87, 87, 87);
INSERT INTO `members` (`id`, `community_id`, `user_id`) VALUES (88, 88, 88);
INSERT INTO `members` (`id`, `community_id`, `user_id`) VALUES (89, 89, 89);
INSERT INTO `members` (`id`, `community_id`, `user_id`) VALUES (90, 90, 90);
INSERT INTO `members` (`id`, `community_id`, `user_id`) VALUES (91, 91, 91);
INSERT INTO `members` (`id`, `community_id`, `user_id`) VALUES (92, 92, 92);
INSERT INTO `members` (`id`, `community_id`, `user_id`) VALUES (93, 93, 93);
INSERT INTO `members` (`id`, `community_id`, `user_id`) VALUES (94, 94, 94);
INSERT INTO `members` (`id`, `community_id`, `user_id`) VALUES (95, 95, 95);
INSERT INTO `members` (`id`, `community_id`, `user_id`) VALUES (96, 96, 96);
INSERT INTO `members` (`id`, `community_id`, `user_id`) VALUES (97, 97, 97);
INSERT INTO `members` (`id`, `community_id`, `user_id`) VALUES (98, 98, 98);
INSERT INTO `members` (`id`, `community_id`, `user_id`) VALUES (99, 99, 99);
INSERT INTO `members` (`id`, `community_id`, `user_id`) VALUES (100, 100, 100);


INSERT INTO `messages` (`id`, `from_user_id`, `to_user_id`, `message_header`, `message_body`, `sent_flag`, `received_flag`, `edited_flag`, `created_at`, `updated_at`) VALUES (1, 1, 1, 'Cupiditate praesentium vitae accusamus optio. Voluptatibus dolores magni odit laborum aliquam quibusdam ea.', 'Totam reiciendis consectetur voluptates. Neque consequuntur rerum in voluptates accusamus cumque. Aliquid nostrum in quidem aut unde.', 0, 0, 0, '2011-11-29 02:18:19', '1987-10-31 01:34:04');
INSERT INTO `messages` (`id`, `from_user_id`, `to_user_id`, `message_header`, `message_body`, `sent_flag`, `received_flag`, `edited_flag`, `created_at`, `updated_at`) VALUES (2, 2, 2, 'Voluptas ducimus tenetur tempore consequatur quaerat tenetur. Saepe est fuga blanditiis maiores. Ut quidem quidem et cupiditate ut eos. Qui est alias libero.', 'Autem consequatur est qui vel. Earum voluptatum et vel quasi ut ut quis. Ut occaecati assumenda qui sunt ut magnam consequatur.', 0, 0, 0, '2009-03-18 10:37:07', '1990-03-25 19:30:56');
INSERT INTO `messages` (`id`, `from_user_id`, `to_user_id`, `message_header`, `message_body`, `sent_flag`, `received_flag`, `edited_flag`, `created_at`, `updated_at`) VALUES (3, 3, 3, 'Blanditiis enim at et ut minima. Labore dolores aut sed doloremque vero vel qui. Non quasi voluptate consectetur libero ut omnis.', 'Ipsum excepturi impedit enim reiciendis optio. Quaerat ad molestiae tempora quasi quia. Vel autem neque neque dolorem cupiditate nulla. Consectetur et facilis sapiente quasi odit.', 0, 0, 0, '1987-01-11 18:11:12', '1996-05-13 19:03:42');
INSERT INTO `messages` (`id`, `from_user_id`, `to_user_id`, `message_header`, `message_body`, `sent_flag`, `received_flag`, `edited_flag`, `created_at`, `updated_at`) VALUES (4, 4, 4, 'Et deleniti facere est possimus qui molestiae et. Enim ut ipsa distinctio aut distinctio. Molestias accusamus doloribus illum dolor. Voluptatem quidem asperiores dicta commodi accusantium beatae. Ducimus explicabo fugiat cumque et.', 'Aut sapiente dolorem adipisci maxime. Aliquid laudantium nisi cum est et quisquam.', 0, 0, 0, '2012-10-17 17:03:14', '1991-02-06 23:21:42');
INSERT INTO `messages` (`id`, `from_user_id`, `to_user_id`, `message_header`, `message_body`, `sent_flag`, `received_flag`, `edited_flag`, `created_at`, `updated_at`) VALUES (5, 5, 5, 'Vel soluta dicta unde et nam. Soluta eligendi consequatur consequatur et qui hic necessitatibus. Impedit nostrum voluptates occaecati molestiae autem vel commodi.', 'Incidunt enim qui id esse modi animi. Non incidunt rerum sint.', 0, 0, 0, '1993-08-03 02:50:49', '2011-02-03 17:37:35');
INSERT INTO `messages` (`id`, `from_user_id`, `to_user_id`, `message_header`, `message_body`, `sent_flag`, `received_flag`, `edited_flag`, `created_at`, `updated_at`) VALUES (6, 6, 6, 'Magnam at velit veniam consequuntur. Eveniet ipsa nulla et facilis. Ut quidem culpa ullam excepturi eligendi. Dignissimos vel qui quas aspernatur quam odio.', 'Numquam sit quam ratione magnam vel repellendus labore. Aut voluptatem eum corporis dignissimos iste quo sunt. Sit non rerum excepturi voluptas cum.', 0, 0, 0, '2001-06-02 10:12:34', '2020-11-16 10:19:57');
INSERT INTO `messages` (`id`, `from_user_id`, `to_user_id`, `message_header`, `message_body`, `sent_flag`, `received_flag`, `edited_flag`, `created_at`, `updated_at`) VALUES (7, 7, 7, 'Id tempore nisi et ipsam maiores. Velit voluptatibus sed error minima quo. Incidunt et sit veritatis in.', 'Sit quaerat asperiores aperiam cum maiores blanditiis. Voluptas quia et error autem. Debitis quia sed beatae iusto omnis repellat. Expedita architecto ex minus ipsum.', 0, 0, 0, '1985-02-15 17:10:12', '2003-01-04 14:08:05');
INSERT INTO `messages` (`id`, `from_user_id`, `to_user_id`, `message_header`, `message_body`, `sent_flag`, `received_flag`, `edited_flag`, `created_at`, `updated_at`) VALUES (8, 8, 8, 'Eum aperiam voluptatum nobis impedit. Provident deserunt possimus eos labore. Molestias atque earum quia qui est vel nam. Iusto reiciendis nulla nostrum.', 'Rerum itaque consequatur iure nostrum ea architecto. Quia veritatis non id officia. Minima error natus corrupti sit provident est perspiciatis consequuntur. Sunt non et ex excepturi explicabo modi eum.', 0, 0, 0, '1994-11-21 22:22:07', '2018-10-24 19:39:38');
INSERT INTO `messages` (`id`, `from_user_id`, `to_user_id`, `message_header`, `message_body`, `sent_flag`, `received_flag`, `edited_flag`, `created_at`, `updated_at`) VALUES (9, 9, 9, 'Non quam at voluptatem et consequatur nihil. Quae quia aut qui nobis voluptatem velit. Exercitationem optio facilis omnis et totam. Rerum veniam totam maiores eos quasi sequi.', 'Dolores consequatur molestiae est iusto maxime. In voluptatem eaque qui non dicta nihil. Ullam quas esse molestiae rerum eos. Quo aut ut eos non id voluptas minus sint.', 0, 0, 0, '2001-06-02 07:19:51', '2005-02-13 16:55:50');
INSERT INTO `messages` (`id`, `from_user_id`, `to_user_id`, `message_header`, `message_body`, `sent_flag`, `received_flag`, `edited_flag`, `created_at`, `updated_at`) VALUES (10, 10, 10, 'Id blanditiis alias aut harum enim nisi inventore. Sequi quibusdam magni reiciendis fugit et incidunt voluptatum. Consequatur ab consequuntur earum quia dolores.', 'Quisquam id non ullam quas ab. Soluta ut ut dolor quis est. Neque assumenda eaque iure consectetur ab commodi rerum. Perspiciatis rerum ut autem delectus.', 0, 0, 0, '2016-11-13 10:12:54', '1989-10-20 21:16:02');
INSERT INTO `messages` (`id`, `from_user_id`, `to_user_id`, `message_header`, `message_body`, `sent_flag`, `received_flag`, `edited_flag`, `created_at`, `updated_at`) VALUES (11, 11, 11, 'Quaerat sequi illo temporibus est totam omnis ullam. Non architecto fuga qui voluptatem. Quas totam cum unde neque iste dolore.', 'Qui voluptatum expedita laborum sunt et repudiandae laudantium. Dolore veniam ut ut velit dolore quos est. Et qui est fugit omnis quia deserunt est eaque. Ut sint perferendis ad et accusamus quia.', 0, 0, 0, '1979-08-18 03:06:38', '2010-12-08 11:32:33');
INSERT INTO `messages` (`id`, `from_user_id`, `to_user_id`, `message_header`, `message_body`, `sent_flag`, `received_flag`, `edited_flag`, `created_at`, `updated_at`) VALUES (12, 12, 12, 'Itaque voluptatem animi nihil suscipit praesentium praesentium itaque vitae. Incidunt quae qui nihil sint temporibus cum fugit. Sit ut autem illo vero omnis et numquam.', 'Sunt officia pariatur hic hic repellendus. Tenetur architecto cupiditate earum consequatur unde. Suscipit et quo odit consequatur totam omnis itaque. Adipisci aliquid eos dicta nemo dolor vel.', 0, 0, 0, '2021-01-15 06:19:43', '2006-03-20 16:23:02');
INSERT INTO `messages` (`id`, `from_user_id`, `to_user_id`, `message_header`, `message_body`, `sent_flag`, `received_flag`, `edited_flag`, `created_at`, `updated_at`) VALUES (13, 13, 13, 'Dolorem repellendus incidunt est nam quaerat. Ut eos qui distinctio repellat doloremque alias in nobis. Inventore repudiandae sunt saepe ea incidunt molestiae minus.', 'Minus aperiam aut consequatur saepe. Rerum officia voluptate nostrum quod iusto error quia aspernatur. Beatae rerum adipisci eum dolorum sapiente. Autem quia sed ducimus architecto dolorum et.', 0, 0, 0, '1979-06-15 17:53:27', '1991-10-06 04:33:57');
INSERT INTO `messages` (`id`, `from_user_id`, `to_user_id`, `message_header`, `message_body`, `sent_flag`, `received_flag`, `edited_flag`, `created_at`, `updated_at`) VALUES (14, 14, 14, 'Mollitia mollitia quibusdam praesentium iusto sit minus et. Necessitatibus corrupti voluptatum consectetur laborum numquam dolor repellendus.', 'Eum eos et voluptatem numquam deleniti placeat sunt. Dolores ut accusantium quibusdam voluptatum quia quo qui. Ut autem voluptatem officiis culpa ut nobis. Laboriosam veniam eum itaque sapiente quos asperiores ut illo.', 0, 0, 0, '2017-07-06 05:41:40', '2014-04-16 11:04:28');
INSERT INTO `messages` (`id`, `from_user_id`, `to_user_id`, `message_header`, `message_body`, `sent_flag`, `received_flag`, `edited_flag`, `created_at`, `updated_at`) VALUES (15, 15, 15, 'Labore id aut et excepturi enim. Necessitatibus illum cupiditate dolorum mollitia. Quis odio eum omnis exercitationem dicta ut.', 'Itaque exercitationem ut voluptatem omnis. Aut consequuntur non facere commodi nihil unde. Accusamus quasi harum et eligendi corporis.', 0, 0, 0, '2006-11-27 16:49:43', '2018-04-07 12:56:10');
INSERT INTO `messages` (`id`, `from_user_id`, `to_user_id`, `message_header`, `message_body`, `sent_flag`, `received_flag`, `edited_flag`, `created_at`, `updated_at`) VALUES (16, 16, 16, 'Cumque repellendus velit neque et libero omnis. Et non dolorum voluptas doloribus magni unde voluptas facilis. Occaecati sunt temporibus quos dolorem quas quibusdam. Vitae voluptatum non voluptatem occaecati.', 'Iste distinctio porro sunt ut aspernatur. Non et totam consequatur non rerum consectetur. Assumenda eum excepturi animi quo voluptatem et. Aliquid sed pariatur et esse labore maxime.', 0, 0, 0, '2019-05-18 20:01:46', '2009-04-20 14:12:52');
INSERT INTO `messages` (`id`, `from_user_id`, `to_user_id`, `message_header`, `message_body`, `sent_flag`, `received_flag`, `edited_flag`, `created_at`, `updated_at`) VALUES (17, 17, 17, 'Quo commodi architecto aut harum cupiditate. Sunt illum molestias aut quo.', 'Sed et et odio qui vel aut enim. Sunt est ipsam ipsum perferendis non vel. Deleniti autem quae omnis sit maiores quas et.', 0, 0, 0, '2005-03-10 18:35:17', '2012-09-10 11:59:25');
INSERT INTO `messages` (`id`, `from_user_id`, `to_user_id`, `message_header`, `message_body`, `sent_flag`, `received_flag`, `edited_flag`, `created_at`, `updated_at`) VALUES (18, 18, 18, 'Iste deleniti aut nesciunt est reprehenderit. Aut minus non voluptas eveniet aliquam quo non saepe. Iste accusantium numquam et earum exercitationem.', 'Ea ad hic perferendis error aut soluta et. Laboriosam aliquid ducimus veritatis unde autem numquam enim. Esse esse magni aut. Et doloribus temporibus iusto ad.', 0, 0, 0, '2007-07-16 15:48:56', '1986-08-15 19:08:10');
INSERT INTO `messages` (`id`, `from_user_id`, `to_user_id`, `message_header`, `message_body`, `sent_flag`, `received_flag`, `edited_flag`, `created_at`, `updated_at`) VALUES (19, 19, 19, 'Ut voluptatem necessitatibus fugit. Ratione corporis omnis vel quibusdam quo qui. Rerum numquam aut natus. Voluptatem id dolorem repudiandae numquam.', 'Molestiae et natus nulla velit qui. Et nisi iste voluptatem incidunt temporibus. Numquam totam delectus est magnam sint minus aut. Sed autem ex consequatur et exercitationem nihil.', 0, 0, 0, '1977-09-07 20:37:10', '2013-04-20 15:50:13');
INSERT INTO `messages` (`id`, `from_user_id`, `to_user_id`, `message_header`, `message_body`, `sent_flag`, `received_flag`, `edited_flag`, `created_at`, `updated_at`) VALUES (20, 20, 20, 'Accusamus eum velit porro sequi et. Mollitia aut quam velit quas debitis temporibus. Consequatur dicta qui possimus quasi. Facilis officia consequatur ratione itaque porro explicabo deserunt cum.', 'Labore recusandae consequatur pariatur quaerat mollitia est. Tenetur maiores qui blanditiis non quis optio veniam. Quidem ducimus corrupti officiis minus ut distinctio. Culpa odit quos a ullam consectetur incidunt.', 0, 0, 0, '1986-11-07 00:58:22', '1972-03-08 20:11:48');
INSERT INTO `messages` (`id`, `from_user_id`, `to_user_id`, `message_header`, `message_body`, `sent_flag`, `received_flag`, `edited_flag`, `created_at`, `updated_at`) VALUES (21, 21, 21, 'Laborum adipisci asperiores omnis occaecati magni nam ipsum. Voluptas sit eos quisquam quis ad qui dolore. Et velit non qui maiores.', 'Maxime fugit vero molestiae voluptatem et aut ipsa ipsa. Earum iste asperiores doloremque eos est numquam aperiam. Vitae harum et quos pariatur et. Delectus culpa cum ut iusto.', 0, 0, 0, '1978-09-11 21:52:27', '2010-03-26 06:41:05');
INSERT INTO `messages` (`id`, `from_user_id`, `to_user_id`, `message_header`, `message_body`, `sent_flag`, `received_flag`, `edited_flag`, `created_at`, `updated_at`) VALUES (22, 22, 22, 'Numquam eum et magni dicta velit. Molestiae ipsam quasi molestias voluptatem aperiam dicta amet.', 'Est sed id quia aut quod et suscipit aut. Ipsum ipsam consequatur aut commodi repellendus sed. Quae quia est architecto non. Eveniet nobis officia rerum.', 0, 0, 0, '2001-06-25 06:29:51', '2017-01-30 00:31:27');
INSERT INTO `messages` (`id`, `from_user_id`, `to_user_id`, `message_header`, `message_body`, `sent_flag`, `received_flag`, `edited_flag`, `created_at`, `updated_at`) VALUES (23, 23, 23, 'Qui et deserunt ab vel. Ut sunt cum consectetur id. Aspernatur minima corrupti saepe nihil non et. Saepe repellat sint officia labore quasi.', 'Quae aut tempore odio possimus doloribus optio alias. Molestiae qui sunt ipsa quo. Enim maiores nihil ducimus culpa dicta qui. Et dolorem qui officiis quia totam eos. Quasi sit atque aut enim omnis.', 0, 0, 0, '1975-01-13 04:15:30', '2021-06-20 15:43:30');
INSERT INTO `messages` (`id`, `from_user_id`, `to_user_id`, `message_header`, `message_body`, `sent_flag`, `received_flag`, `edited_flag`, `created_at`, `updated_at`) VALUES (24, 24, 24, 'Nostrum quis voluptatem laboriosam necessitatibus. Exercitationem sunt voluptas tempora expedita. Officiis eum rerum quam omnis aliquid nostrum.', 'Voluptatum a cum nihil qui minima natus est. Eos tempore numquam molestiae aut voluptatem aut. Officia provident voluptatem voluptas ea. Nihil ratione tenetur qui.', 0, 0, 0, '2005-10-24 11:02:54', '1985-11-30 18:53:18');
INSERT INTO `messages` (`id`, `from_user_id`, `to_user_id`, `message_header`, `message_body`, `sent_flag`, `received_flag`, `edited_flag`, `created_at`, `updated_at`) VALUES (25, 25, 25, 'Ad nesciunt enim rerum reprehenderit neque libero explicabo. Sunt asperiores nobis excepturi quia ab et perspiciatis quaerat.', 'Enim est adipisci voluptatem cumque quibusdam accusantium occaecati. Nihil qui dignissimos molestiae exercitationem aut ullam perspiciatis assumenda. Dolores harum nemo voluptas placeat eos cumque.', 0, 0, 0, '1972-05-23 15:53:41', '2019-12-13 13:03:11');
INSERT INTO `messages` (`id`, `from_user_id`, `to_user_id`, `message_header`, `message_body`, `sent_flag`, `received_flag`, `edited_flag`, `created_at`, `updated_at`) VALUES (26, 26, 26, 'Qui sapiente esse et voluptatum sed. Omnis iusto adipisci dolorem eum voluptas quae eos. Ab ex quia sit incidunt sit sint quia.', 'Non id voluptates natus voluptate deleniti placeat ab. Eum nisi id in ut assumenda amet dignissimos voluptas. Dicta ut doloremque ut reiciendis illum provident impedit.', 0, 0, 0, '2005-12-10 21:29:27', '1992-05-05 10:25:38');
INSERT INTO `messages` (`id`, `from_user_id`, `to_user_id`, `message_header`, `message_body`, `sent_flag`, `received_flag`, `edited_flag`, `created_at`, `updated_at`) VALUES (27, 27, 27, 'Aut temporibus animi ea eius cumque quisquam. Veniam enim nulla quia autem incidunt repellendus necessitatibus. Atque consectetur molestiae ut non natus aspernatur.', 'Est sunt dolore quasi consectetur minima ab quos. Similique quo hic et aut natus sunt id. Est et fuga et voluptatum est debitis. Impedit voluptate recusandae rerum corrupti.', 0, 0, 0, '2012-06-13 11:19:51', '2020-09-14 21:44:23');
INSERT INTO `messages` (`id`, `from_user_id`, `to_user_id`, `message_header`, `message_body`, `sent_flag`, `received_flag`, `edited_flag`, `created_at`, `updated_at`) VALUES (28, 28, 28, 'Ad laboriosam impedit similique quo commodi explicabo. Laborum placeat voluptates magni iure voluptas illo a. Voluptas ut voluptate a inventore.', 'Omnis deleniti repellendus ratione itaque aliquam. Est quo optio et quia magnam iste. Corporis consequatur suscipit alias vero explicabo. Accusamus modi similique quod ut esse rem voluptas.', 0, 0, 0, '2001-03-23 03:46:00', '2020-10-07 12:28:29');
INSERT INTO `messages` (`id`, `from_user_id`, `to_user_id`, `message_header`, `message_body`, `sent_flag`, `received_flag`, `edited_flag`, `created_at`, `updated_at`) VALUES (29, 29, 29, 'Illo numquam non nobis. Maxime ad voluptates atque ipsum asperiores temporibus blanditiis. Velit et excepturi dolorem cupiditate est adipisci aliquid. Voluptates qui veniam consequatur fugit enim adipisci ut unde.', 'Dolor aut dolores odit unde laborum fugiat. Aliquam est nulla illo voluptatem illo. Excepturi similique iure impedit nam autem et error dolorum. Fugit non rerum laudantium laudantium delectus.', 0, 0, 0, '2002-08-30 07:08:53', '2001-03-23 03:23:17');
INSERT INTO `messages` (`id`, `from_user_id`, `to_user_id`, `message_header`, `message_body`, `sent_flag`, `received_flag`, `edited_flag`, `created_at`, `updated_at`) VALUES (30, 30, 30, 'Quibusdam nesciunt et asperiores qui. Vel iure veritatis occaecati nemo excepturi cumque. Quia itaque ullam delectus soluta quaerat.', 'Quidem quis quis quisquam culpa molestiae. Vel consequatur laboriosam ex non est consequatur blanditiis autem. Aut et omnis nam.', 0, 0, 0, '2017-12-19 02:29:35', '1998-09-21 18:47:43');
INSERT INTO `messages` (`id`, `from_user_id`, `to_user_id`, `message_header`, `message_body`, `sent_flag`, `received_flag`, `edited_flag`, `created_at`, `updated_at`) VALUES (31, 31, 31, 'Excepturi dolorem reprehenderit reprehenderit eum enim provident. Quia unde saepe vel non. Reprehenderit rerum voluptatem iusto culpa autem ipsa dolor. Est ex fuga quia corporis doloribus delectus repellat. Et deleniti amet nulla et.', 'Corrupti in eveniet unde nesciunt doloribus deleniti. Aut et libero dolorem corrupti recusandae eos enim. Fugiat nulla harum voluptate ratione est. Inventore debitis est voluptatem rem ipsa. Amet distinctio impedit odit autem.', 0, 0, 0, '2017-04-04 22:27:49', '2008-01-24 23:54:22');
INSERT INTO `messages` (`id`, `from_user_id`, `to_user_id`, `message_header`, `message_body`, `sent_flag`, `received_flag`, `edited_flag`, `created_at`, `updated_at`) VALUES (32, 32, 32, 'Architecto aut sit quis commodi et totam commodi cumque. Dolores dolorum asperiores facilis id voluptas magni saepe. Architecto ut vero dicta est omnis omnis ducimus. Pariatur quia sequi et et.', 'Qui odit iusto voluptatem quidem fugit praesentium deleniti. Est repellat ipsa totam tempore et. Adipisci voluptates expedita rerum maxime voluptate quae distinctio dolorum.', 0, 0, 0, '2013-10-05 13:56:27', '2015-02-15 13:50:50');
INSERT INTO `messages` (`id`, `from_user_id`, `to_user_id`, `message_header`, `message_body`, `sent_flag`, `received_flag`, `edited_flag`, `created_at`, `updated_at`) VALUES (33, 33, 33, 'Repellendus dolores veritatis sapiente voluptatem voluptatem consequatur velit. Et unde a mollitia voluptas et rem. Quia consequatur sit voluptatem doloribus ex. Sunt porro quas eos molestiae facere aut.', 'Sint ex quas at placeat aut ut dolores. Et quia doloribus rerum voluptatibus ut. Aliquid nihil odit aut adipisci id. Quo iure velit laboriosam expedita voluptatibus vitae.', 0, 0, 0, '1984-05-24 18:43:29', '1994-02-02 19:52:22');
INSERT INTO `messages` (`id`, `from_user_id`, `to_user_id`, `message_header`, `message_body`, `sent_flag`, `received_flag`, `edited_flag`, `created_at`, `updated_at`) VALUES (34, 34, 34, 'Voluptas consectetur architecto quas ducimus enim cumque blanditiis. Nesciunt ut vel tenetur inventore.', 'Aut atque aliquam temporibus adipisci. Vel aspernatur sed autem voluptate voluptates. Quia est officia quod laboriosam aspernatur qui soluta. Qui iusto hic eos rem explicabo ratione unde repellendus.', 0, 0, 0, '1992-10-26 11:02:03', '1992-11-23 19:31:04');
INSERT INTO `messages` (`id`, `from_user_id`, `to_user_id`, `message_header`, `message_body`, `sent_flag`, `received_flag`, `edited_flag`, `created_at`, `updated_at`) VALUES (35, 35, 35, 'Quod in sint quia repellat. Quod nam temporibus deserunt doloremque error fugiat et. Explicabo similique iusto a consequatur aut tempore voluptate.', 'Sed rerum deleniti animi non. Rerum cupiditate voluptatum accusantium maiores aut dolor voluptatem at. Sit totam rem deserunt et rerum quae.', 0, 0, 0, '1977-01-09 09:12:32', '2000-07-04 15:20:17');
INSERT INTO `messages` (`id`, `from_user_id`, `to_user_id`, `message_header`, `message_body`, `sent_flag`, `received_flag`, `edited_flag`, `created_at`, `updated_at`) VALUES (36, 36, 36, 'Tempore officia doloribus nam expedita reprehenderit ab id. Nihil accusamus ab quo quod.', 'Accusantium repellat ab beatae sunt atque ut quas. Neque natus aperiam et nam. Aut voluptates expedita sapiente sit consequatur. Voluptas accusamus rerum est recusandae ex exercitationem maxime aperiam.', 0, 0, 0, '1980-01-02 03:26:46', '1996-03-30 09:40:50');
INSERT INTO `messages` (`id`, `from_user_id`, `to_user_id`, `message_header`, `message_body`, `sent_flag`, `received_flag`, `edited_flag`, `created_at`, `updated_at`) VALUES (37, 37, 37, 'Enim id vero corporis ipsum ea qui. Qui ratione exercitationem dolores blanditiis est. Alias soluta mollitia voluptatem dicta. Aut hic distinctio aliquid magni et.', 'Culpa placeat sed voluptatem sit earum omnis illum. Cupiditate ut tenetur necessitatibus. Possimus et sunt nulla ipsam earum. Quia ad corporis cum facere.', 0, 0, 0, '2016-10-13 12:35:22', '1977-12-12 02:23:57');
INSERT INTO `messages` (`id`, `from_user_id`, `to_user_id`, `message_header`, `message_body`, `sent_flag`, `received_flag`, `edited_flag`, `created_at`, `updated_at`) VALUES (38, 38, 38, 'Qui magni est iure vel consectetur. Maxime ut quia aut dolorem. Impedit est ab velit veniam officiis dignissimos. Quas officiis recusandae fugit. Quia est vel est itaque vel.', 'Ut dignissimos et ab enim voluptatem. Et fugit iusto dolores rerum dolore. Tenetur sed dolor similique explicabo nihil ullam earum et.', 0, 0, 0, '2008-07-11 16:03:18', '1975-09-27 12:15:35');
INSERT INTO `messages` (`id`, `from_user_id`, `to_user_id`, `message_header`, `message_body`, `sent_flag`, `received_flag`, `edited_flag`, `created_at`, `updated_at`) VALUES (39, 39, 39, 'Officia inventore similique exercitationem expedita. Et et distinctio unde non omnis in.', 'Alias ea nobis id. Optio suscipit tempore ipsam voluptatem quo voluptatem. Qui alias vero quod molestiae nostrum cumque. Cumque possimus sint culpa et.', 0, 0, 0, '1988-01-28 04:55:56', '2013-12-28 02:07:32');
INSERT INTO `messages` (`id`, `from_user_id`, `to_user_id`, `message_header`, `message_body`, `sent_flag`, `received_flag`, `edited_flag`, `created_at`, `updated_at`) VALUES (40, 40, 40, 'Consequuntur vitae corporis sint. Doloribus illum alias consequuntur sunt. Eos inventore rerum in dolores. Aperiam eos aut eaque ut explicabo commodi perspiciatis.', 'Iure vel ad quia autem rerum aliquid. Aut sunt modi voluptas quaerat velit voluptas alias. Quia praesentium ut est reiciendis.', 0, 0, 0, '1997-02-14 00:20:53', '2020-06-04 00:08:06');
INSERT INTO `messages` (`id`, `from_user_id`, `to_user_id`, `message_header`, `message_body`, `sent_flag`, `received_flag`, `edited_flag`, `created_at`, `updated_at`) VALUES (41, 41, 41, 'Facilis deleniti praesentium rem dolores. Sit quidem exercitationem architecto qui. Quis qui soluta nihil aspernatur nam aliquam. Et quo est id molestias atque ducimus.', 'Dolorem iste iste labore maxime. Molestiae nesciunt est et et culpa explicabo beatae. Explicabo voluptatum voluptate veritatis fuga.', 0, 0, 0, '1974-11-07 20:33:23', '2003-12-23 09:40:11');
INSERT INTO `messages` (`id`, `from_user_id`, `to_user_id`, `message_header`, `message_body`, `sent_flag`, `received_flag`, `edited_flag`, `created_at`, `updated_at`) VALUES (42, 42, 42, 'Totam officiis voluptates qui pariatur soluta quaerat. Modi expedita aut autem tempore dolorum non. Quasi explicabo beatae mollitia ut molestiae nobis omnis. Officia sit veniam vitae quas aut.', 'Et aut iusto ad perferendis velit. Voluptatem est veritatis maxime tempore. Magnam praesentium praesentium officiis labore.', 0, 0, 0, '1992-08-01 09:47:03', '1976-04-20 02:19:47');
INSERT INTO `messages` (`id`, `from_user_id`, `to_user_id`, `message_header`, `message_body`, `sent_flag`, `received_flag`, `edited_flag`, `created_at`, `updated_at`) VALUES (43, 43, 43, 'Corporis sed blanditiis modi blanditiis sit veritatis ducimus. Sed mollitia voluptatum sed alias enim nam fugit praesentium. Nulla impedit et et et consequatur. Ipsa aliquid in rerum enim doloremque eos ut.', 'Veniam ut quod vitae necessitatibus. Tempore et et nostrum placeat quo et. Tempora similique autem rerum natus.', 0, 0, 0, '2018-07-09 23:32:19', '2020-06-12 05:49:31');
INSERT INTO `messages` (`id`, `from_user_id`, `to_user_id`, `message_header`, `message_body`, `sent_flag`, `received_flag`, `edited_flag`, `created_at`, `updated_at`) VALUES (44, 44, 44, 'Nemo quos et consequatur velit in optio voluptatibus. Porro recusandae et rerum autem. Quo quia natus vel consequatur quae in.', 'At est necessitatibus consectetur consequatur est qui. Sit atque ea cumque vel. Nisi ad veniam a eos est. Asperiores quia velit quas est ratione.', 0, 0, 0, '2001-04-01 08:36:03', '2008-10-13 01:24:59');
INSERT INTO `messages` (`id`, `from_user_id`, `to_user_id`, `message_header`, `message_body`, `sent_flag`, `received_flag`, `edited_flag`, `created_at`, `updated_at`) VALUES (45, 45, 45, 'Tempore iure soluta quae adipisci rerum. Maiores omnis sit ab et dolores et. A dolor sed qui autem quo. Ut illo numquam numquam quibusdam. Expedita aut sit ea quis qui.', 'Ab dolor earum repellat id minus. Aut sequi cum dignissimos error numquam aut totam. Officia quia aut sed. Atque quis ducimus quis similique explicabo qui.', 0, 0, 0, '1998-08-25 08:17:12', '1985-02-22 18:05:31');
INSERT INTO `messages` (`id`, `from_user_id`, `to_user_id`, `message_header`, `message_body`, `sent_flag`, `received_flag`, `edited_flag`, `created_at`, `updated_at`) VALUES (46, 46, 46, 'Eaque dolorem reprehenderit perferendis fugit qui excepturi. Iure et consequatur explicabo voluptas. Et dolorum corrupti ullam aut. Repellat sit est mollitia voluptatem aut sed harum.', 'Magnam aliquid et quaerat quia ea. Vel sapiente quaerat voluptas beatae voluptatem aliquam natus id. Nisi omnis id blanditiis quaerat in ut impedit. Quia qui ipsum id at quos beatae.', 0, 0, 0, '1996-10-10 09:58:27', '1975-01-13 08:04:43');
INSERT INTO `messages` (`id`, `from_user_id`, `to_user_id`, `message_header`, `message_body`, `sent_flag`, `received_flag`, `edited_flag`, `created_at`, `updated_at`) VALUES (47, 47, 47, 'Fugiat et error et non optio est non. Et amet minus eius vel modi dolorem aut nemo. Occaecati nihil esse aut quisquam velit doloremque. Ea officiis ad esse libero accusantium dolores. Quia reprehenderit officia perferendis sit expedita aut.', 'Rerum numquam dolorum quasi. Ab vel omnis accusamus. Impedit corrupti facere est unde soluta non. Velit iste ratione consequatur nesciunt.', 0, 0, 0, '1987-11-02 09:47:18', '2019-07-14 23:07:54');
INSERT INTO `messages` (`id`, `from_user_id`, `to_user_id`, `message_header`, `message_body`, `sent_flag`, `received_flag`, `edited_flag`, `created_at`, `updated_at`) VALUES (48, 48, 48, 'Qui magni placeat dolore et magnam animi laudantium rerum. Quae vitae et qui voluptates iste. Quae fugit quia officiis deleniti voluptatem quia quia. Culpa iste et animi amet quia dolorem quidem.', 'Explicabo est pariatur laudantium accusamus est. Ipsam debitis voluptatem et qui sunt. Fugit eligendi aut voluptas.', 0, 0, 0, '2013-01-24 11:41:02', '1995-08-10 01:04:50');
INSERT INTO `messages` (`id`, `from_user_id`, `to_user_id`, `message_header`, `message_body`, `sent_flag`, `received_flag`, `edited_flag`, `created_at`, `updated_at`) VALUES (49, 49, 49, 'Eum consequuntur saepe nihil omnis quia aliquam. Voluptates molestiae sed earum sapiente atque quibusdam voluptatem veniam. Nobis et odio sint nam. Molestias quis a eos fugiat enim fugit consequuntur.', 'Libero suscipit soluta reprehenderit aliquid qui. Aut et vel quas deleniti. Recusandae in saepe labore eum adipisci id rerum.', 0, 0, 0, '2003-03-10 08:01:08', '2003-12-21 17:50:46');
INSERT INTO `messages` (`id`, `from_user_id`, `to_user_id`, `message_header`, `message_body`, `sent_flag`, `received_flag`, `edited_flag`, `created_at`, `updated_at`) VALUES (50, 50, 50, 'Ex minus at deserunt. Quas nihil quis atque architecto explicabo. Eum maiores natus assumenda non vel natus omnis. Sequi ullam quod adipisci maxime. Libero natus ab aliquam optio.', 'Impedit reiciendis voluptatum saepe autem libero. Occaecati fugiat consequatur assumenda sed ducimus officia. Quo sapiente hic necessitatibus consectetur deleniti.', 0, 0, 0, '2007-06-16 04:35:27', '2001-05-01 22:44:36');
INSERT INTO `messages` (`id`, `from_user_id`, `to_user_id`, `message_header`, `message_body`, `sent_flag`, `received_flag`, `edited_flag`, `created_at`, `updated_at`) VALUES (51, 51, 51, 'Sed rem omnis eum officiis. Cum dolore voluptatem necessitatibus dolore cum. Cumque tempore aut recusandae. Ut laboriosam accusantium numquam officia sit nulla temporibus.', 'Aliquid sed quia perferendis sequi consequatur. Ut officia aperiam eos suscipit placeat voluptatum. Reprehenderit alias accusamus est eum eius voluptates in. Officia qui et quaerat.', 0, 0, 0, '1979-11-03 01:03:34', '2013-11-29 16:50:58');
INSERT INTO `messages` (`id`, `from_user_id`, `to_user_id`, `message_header`, `message_body`, `sent_flag`, `received_flag`, `edited_flag`, `created_at`, `updated_at`) VALUES (52, 52, 52, 'Nostrum nulla delectus sit assumenda nihil aut sed. Id sit quidem ut quae nesciunt non. Repudiandae omnis nemo ab voluptate non eos saepe debitis. Voluptatem odio maxime et.', 'Sit quae magni vel culpa at accusantium mollitia. Asperiores eos quis non modi aperiam at animi. Adipisci aspernatur vel dolor eos sunt expedita ut.', 0, 0, 0, '2005-11-23 20:42:03', '1985-03-15 06:15:05');
INSERT INTO `messages` (`id`, `from_user_id`, `to_user_id`, `message_header`, `message_body`, `sent_flag`, `received_flag`, `edited_flag`, `created_at`, `updated_at`) VALUES (53, 53, 53, 'Et perspiciatis dolor sit facere facilis. Facere ullam labore est.', 'Numquam accusamus praesentium non ullam totam. Voluptates voluptatem quia rerum aut. Debitis repellendus dolor aut.', 0, 0, 0, '1990-04-03 05:28:51', '1978-11-29 16:58:50');
INSERT INTO `messages` (`id`, `from_user_id`, `to_user_id`, `message_header`, `message_body`, `sent_flag`, `received_flag`, `edited_flag`, `created_at`, `updated_at`) VALUES (54, 54, 54, 'Dolorem est perferendis iure qui architecto iure. Rerum assumenda maxime itaque sit totam.', 'Sunt quo accusamus qui aut voluptates perferendis voluptatem. Voluptatem provident et autem ducimus. Nulla magnam qui sunt ea ut enim. Esse voluptatibus et facilis quam sunt id.', 0, 0, 0, '2005-05-15 17:52:23', '1972-10-27 19:11:59');
INSERT INTO `messages` (`id`, `from_user_id`, `to_user_id`, `message_header`, `message_body`, `sent_flag`, `received_flag`, `edited_flag`, `created_at`, `updated_at`) VALUES (55, 55, 55, 'Molestiae aut id accusamus est et doloribus. Officia necessitatibus maiores voluptatibus aut maxime neque. Perspiciatis voluptatibus ut similique et aperiam impedit expedita.', 'Consequatur provident quia molestiae saepe. Reiciendis dolor et rem eaque suscipit atque.', 0, 0, 0, '2008-12-16 18:20:41', '2007-02-14 20:38:08');
INSERT INTO `messages` (`id`, `from_user_id`, `to_user_id`, `message_header`, `message_body`, `sent_flag`, `received_flag`, `edited_flag`, `created_at`, `updated_at`) VALUES (56, 56, 56, 'Sit voluptatem quam facere sunt ut. Velit quasi consequatur perspiciatis. Et voluptatem quas non nemo cupiditate minus quo.', 'Libero omnis eum quia. Itaque quia illum facere ut. Est et consectetur est fugit error.', 0, 0, 0, '1999-09-08 01:17:52', '1987-02-19 07:36:55');
INSERT INTO `messages` (`id`, `from_user_id`, `to_user_id`, `message_header`, `message_body`, `sent_flag`, `received_flag`, `edited_flag`, `created_at`, `updated_at`) VALUES (57, 57, 57, 'Perspiciatis qui doloremque nulla amet ut iste. Nesciunt perferendis quis sit. Aut nostrum ut ad dolor ea nihil. Quia totam voluptatem voluptatem voluptatem ullam quia.', 'Eos quaerat voluptatem non animi commodi. Dolore eum et sint vel vel adipisci unde. Velit officiis consequatur officia maiores qui ut rerum sapiente.', 0, 0, 0, '1980-07-18 19:54:23', '1978-08-13 13:26:46');
INSERT INTO `messages` (`id`, `from_user_id`, `to_user_id`, `message_header`, `message_body`, `sent_flag`, `received_flag`, `edited_flag`, `created_at`, `updated_at`) VALUES (58, 58, 58, 'Debitis in quisquam placeat impedit illum et modi. Cupiditate eligendi praesentium et repellendus id voluptas. Nesciunt temporibus natus non commodi non. Sunt aut eos dolor asperiores illo et enim.', 'Similique sed iste ut quidem molestias praesentium. Sapiente nemo repudiandae beatae dicta quo. Blanditiis et sint dolorem error quos beatae sequi aut. Consequatur perferendis ut cumque impedit quis quidem et.', 0, 0, 0, '2018-12-26 21:30:46', '2021-06-26 23:22:21');
INSERT INTO `messages` (`id`, `from_user_id`, `to_user_id`, `message_header`, `message_body`, `sent_flag`, `received_flag`, `edited_flag`, `created_at`, `updated_at`) VALUES (59, 59, 59, 'Nulla autem asperiores dolore reprehenderit. Quia sed asperiores sunt placeat eaque. Laudantium a dolores laborum. Qui eaque qui vel amet saepe doloremque quas veritatis. Ratione vel at officia nulla voluptas nisi id ipsa.', 'Eos molestias est laborum qui dolorum. Velit voluptatem architecto maxime ut facilis. Neque ut aut optio perferendis ad ipsa aperiam vel. Sint consequatur tempora aliquam doloremque laborum sed dolor aut.', 0, 0, 0, '2015-05-16 22:07:20', '1977-06-11 05:15:14');
INSERT INTO `messages` (`id`, `from_user_id`, `to_user_id`, `message_header`, `message_body`, `sent_flag`, `received_flag`, `edited_flag`, `created_at`, `updated_at`) VALUES (60, 60, 60, 'Quidem rerum provident tenetur corporis eveniet voluptates perspiciatis. Quia fugiat maxime delectus facilis sequi.', 'Est voluptatem itaque molestias qui maiores recusandae. Sed eaque ad vitae repellendus velit cum nemo. Dolore neque recusandae sit quia aut eos.', 0, 0, 0, '1993-07-27 16:07:08', '1977-08-27 22:55:08');
INSERT INTO `messages` (`id`, `from_user_id`, `to_user_id`, `message_header`, `message_body`, `sent_flag`, `received_flag`, `edited_flag`, `created_at`, `updated_at`) VALUES (61, 61, 61, 'Ut ea mollitia inventore sit iste. Itaque voluptates autem in sunt voluptatem expedita. Nihil aut voluptas assumenda quas voluptate enim. Fugit aspernatur ut qui earum.', 'Magnam sed tempore distinctio et ut atque est nostrum. Aut animi sint dolores. Culpa fugit voluptatem perferendis dolores laborum ducimus atque.', 0, 0, 0, '1976-10-21 15:12:28', '1993-04-03 06:17:52');
INSERT INTO `messages` (`id`, `from_user_id`, `to_user_id`, `message_header`, `message_body`, `sent_flag`, `received_flag`, `edited_flag`, `created_at`, `updated_at`) VALUES (62, 62, 62, 'Ut dolorem aut unde in ea nisi. Ipsum distinctio animi aut impedit enim aut aut eos. Unde ratione vel incidunt consectetur voluptatem. Aliquam veritatis excepturi exercitationem aut magnam accusantium optio.', 'Dolores asperiores hic et et vel eum. Ex quia et dolores est officia officiis. Corrupti libero excepturi ipsum optio occaecati.', 0, 0, 0, '1977-04-18 03:11:42', '2000-08-16 16:26:47');
INSERT INTO `messages` (`id`, `from_user_id`, `to_user_id`, `message_header`, `message_body`, `sent_flag`, `received_flag`, `edited_flag`, `created_at`, `updated_at`) VALUES (63, 63, 63, 'Ad qui facere et a laborum similique explicabo. Id officiis et quod quibusdam ex quia. Consequatur ratione quisquam nihil veritatis et minima qui. Quis tenetur exercitationem nihil sunt dolorem.', 'Dignissimos facilis aliquam nemo qui. Dolorum voluptatem illum exercitationem itaque voluptas repellat architecto. Asperiores laborum aut tempora soluta dolor deserunt. Nihil assumenda iure eveniet sequi ad est.', 0, 0, 0, '1984-12-24 15:33:40', '1976-10-27 06:19:50');
INSERT INTO `messages` (`id`, `from_user_id`, `to_user_id`, `message_header`, `message_body`, `sent_flag`, `received_flag`, `edited_flag`, `created_at`, `updated_at`) VALUES (64, 64, 64, 'Et aut amet beatae sapiente est. Esse illo sequi expedita est ut eum est. Perferendis minus eligendi expedita rerum. Quasi molestiae soluta tenetur sapiente sunt est et.', 'Minus explicabo reprehenderit ut laboriosam aut odio sunt nihil. Iste labore enim minus nihil. Numquam quaerat illum in unde consectetur harum omnis modi. Laborum qui aut at nihil autem veritatis ipsam.', 0, 0, 0, '1971-07-07 20:41:40', '2010-08-05 02:05:45');
INSERT INTO `messages` (`id`, `from_user_id`, `to_user_id`, `message_header`, `message_body`, `sent_flag`, `received_flag`, `edited_flag`, `created_at`, `updated_at`) VALUES (65, 65, 65, 'Eos explicabo labore vel omnis cum. Suscipit vero consequatur expedita nisi itaque maxime earum. Nulla voluptatum quos qui est consequatur dolorem. Magnam qui qui animi nisi ad qui quidem.', 'Et placeat debitis est eos qui sint dolor quia. Voluptates delectus laudantium quibusdam optio voluptatem. Sapiente non quo autem est molestiae ut rerum.', 0, 0, 0, '2019-05-19 23:57:48', '1970-10-24 12:59:19');
INSERT INTO `messages` (`id`, `from_user_id`, `to_user_id`, `message_header`, `message_body`, `sent_flag`, `received_flag`, `edited_flag`, `created_at`, `updated_at`) VALUES (66, 66, 66, 'Occaecati perspiciatis quo nobis atque est perspiciatis ut. Autem nulla excepturi ut quo. Eos dicta quae perferendis vero amet odit fugit officia.', 'Accusantium libero consequatur quia hic suscipit. Totam maiores ab error omnis ex. Et veritatis iusto nostrum consequatur laboriosam enim voluptas.', 0, 0, 0, '2008-08-13 23:48:16', '2020-09-11 10:24:18');
INSERT INTO `messages` (`id`, `from_user_id`, `to_user_id`, `message_header`, `message_body`, `sent_flag`, `received_flag`, `edited_flag`, `created_at`, `updated_at`) VALUES (67, 67, 67, 'Modi sint blanditiis facilis est. Nihil perferendis iste nemo expedita quibusdam repellat. Ut consequatur et in quae. Maxime velit sapiente ea enim ipsum. Et placeat et provident est saepe magni.', 'Molestias aliquid repudiandae alias at. In quidem recusandae eum aspernatur eligendi aut minus qui. Blanditiis sit repudiandae eos adipisci deserunt. Molestiae ipsa mollitia unde id similique eligendi.', 0, 0, 0, '2004-02-01 19:26:55', '1995-12-07 19:28:17');
INSERT INTO `messages` (`id`, `from_user_id`, `to_user_id`, `message_header`, `message_body`, `sent_flag`, `received_flag`, `edited_flag`, `created_at`, `updated_at`) VALUES (68, 68, 68, 'Et aliquam et rerum debitis est delectus tenetur. Cumque qui tenetur et numquam ad. Doloremque rerum aut quaerat corrupti. Voluptas aut dolor qui quis.', 'Nulla minima expedita dolorem architecto voluptatem consequuntur praesentium. Dicta aliquid voluptatum et dolorum. Error sapiente pariatur dolore quisquam dolores harum quia. Rerum alias minima numquam enim voluptate non.', 0, 0, 0, '2002-03-31 02:16:34', '1975-09-06 01:37:45');
INSERT INTO `messages` (`id`, `from_user_id`, `to_user_id`, `message_header`, `message_body`, `sent_flag`, `received_flag`, `edited_flag`, `created_at`, `updated_at`) VALUES (69, 69, 69, 'Alias in deleniti a et necessitatibus sapiente. Exercitationem ea fugiat non molestiae repellat eaque aliquam at. Explicabo aliquam dolor omnis consequatur dolor dolor.', 'Minus minima est amet architecto. Officia voluptas quam voluptatem ut aut quibusdam. Dignissimos tenetur et necessitatibus ipsum tenetur earum.', 0, 0, 0, '1987-09-08 05:16:04', '1997-02-06 16:16:41');
INSERT INTO `messages` (`id`, `from_user_id`, `to_user_id`, `message_header`, `message_body`, `sent_flag`, `received_flag`, `edited_flag`, `created_at`, `updated_at`) VALUES (70, 70, 70, 'Quia eos et quis adipisci. Sequi dolorem maiores optio quia. Cupiditate cum eos eos natus eos quo voluptates. Nisi fuga sed libero iste fugiat nobis sint.', 'Nihil quod eius animi non odio possimus voluptate sit. Consectetur nisi et omnis quia architecto aut. Hic dolores numquam qui laudantium. Praesentium aperiam minima in.', 0, 0, 0, '1985-04-12 13:02:19', '1992-09-16 07:11:14');
INSERT INTO `messages` (`id`, `from_user_id`, `to_user_id`, `message_header`, `message_body`, `sent_flag`, `received_flag`, `edited_flag`, `created_at`, `updated_at`) VALUES (71, 71, 71, 'Ipsum ipsum voluptas vitae rerum vitae nihil. Asperiores in sit eos nostrum. Quo ut ut non velit. Cumque sunt itaque maiores eveniet alias laudantium hic. Ex saepe exercitationem quia quaerat sed maiores rerum.', 'Dolores quia quia adipisci sed incidunt. Doloremque sint natus est aut totam fuga. Consectetur incidunt incidunt laudantium voluptatibus.', 0, 0, 0, '2002-08-16 08:36:58', '2002-02-15 06:36:07');
INSERT INTO `messages` (`id`, `from_user_id`, `to_user_id`, `message_header`, `message_body`, `sent_flag`, `received_flag`, `edited_flag`, `created_at`, `updated_at`) VALUES (72, 72, 72, 'Ut molestiae labore maxime itaque quis consequatur. Incidunt omnis ut sit. Sit eligendi quo officia corrupti tempore provident.', 'Sunt sed esse quaerat sed. Ea dolor quibusdam necessitatibus. Odit sint fugiat quia sit ad eligendi et.', 0, 0, 0, '2020-03-24 06:17:36', '2009-08-20 08:39:10');
INSERT INTO `messages` (`id`, `from_user_id`, `to_user_id`, `message_header`, `message_body`, `sent_flag`, `received_flag`, `edited_flag`, `created_at`, `updated_at`) VALUES (73, 73, 73, 'Earum nisi rem rem. Quia et distinctio eveniet. Nam non ea sint quod eum iusto.', 'Rem suscipit autem eos omnis illum magnam tempore. Voluptates aut pariatur perspiciatis voluptatum temporibus. Ut sint quia ratione assumenda sed est dolor. Totam dolorem ducimus labore eius beatae explicabo sed.', 0, 0, 0, '1998-11-30 16:55:01', '1994-08-01 05:46:03');
INSERT INTO `messages` (`id`, `from_user_id`, `to_user_id`, `message_header`, `message_body`, `sent_flag`, `received_flag`, `edited_flag`, `created_at`, `updated_at`) VALUES (74, 74, 74, 'Et eum quo nam adipisci dolores et. Omnis deserunt suscipit laudantium similique sit velit ut quae. Voluptas est vitae qui mollitia sint atque omnis. Deserunt voluptas cupiditate aut blanditiis cumque.', 'Adipisci eius odit ea est voluptas cupiditate quas. Tempora qui iure eum eum ea. Aut odit consequatur nihil voluptatem.', 0, 0, 0, '1992-01-31 10:51:52', '1991-01-07 23:30:55');
INSERT INTO `messages` (`id`, `from_user_id`, `to_user_id`, `message_header`, `message_body`, `sent_flag`, `received_flag`, `edited_flag`, `created_at`, `updated_at`) VALUES (75, 75, 75, 'At ipsum et eos nesciunt nihil. Quisquam nulla nobis possimus. Iusto dolorem natus aut blanditiis sequi laboriosam.', 'Ut et doloremque delectus. Odit earum rem recusandae quo temporibus. Officia aliquam nobis sed pariatur est voluptatem rem.', 0, 0, 0, '2008-05-15 20:58:50', '2016-06-05 14:08:20');
INSERT INTO `messages` (`id`, `from_user_id`, `to_user_id`, `message_header`, `message_body`, `sent_flag`, `received_flag`, `edited_flag`, `created_at`, `updated_at`) VALUES (76, 76, 76, 'Mollitia optio eos amet eum. Facilis ratione ut dolor cupiditate sunt. Quam recusandae qui deleniti. Quae amet iste molestiae.', 'Doloribus voluptates eius rerum. Maxime in placeat itaque esse veritatis ad. Maxime voluptates doloremque fugiat illum architecto qui dolor neque.', 0, 0, 0, '2003-11-02 16:33:56', '2015-08-09 21:27:36');
INSERT INTO `messages` (`id`, `from_user_id`, `to_user_id`, `message_header`, `message_body`, `sent_flag`, `received_flag`, `edited_flag`, `created_at`, `updated_at`) VALUES (77, 77, 77, 'Et nihil est est aliquam est aspernatur nesciunt. Dolore iure quos aut iure accusamus. Nihil id beatae unde. In et eum dolor.', 'Repellendus est repudiandae aspernatur quae quibusdam nisi quia. Aperiam et natus sint cumque omnis suscipit quas. Commodi provident dolore libero doloribus exercitationem doloremque.', 0, 0, 0, '1981-04-09 05:25:04', '1982-11-08 05:56:28');
INSERT INTO `messages` (`id`, `from_user_id`, `to_user_id`, `message_header`, `message_body`, `sent_flag`, `received_flag`, `edited_flag`, `created_at`, `updated_at`) VALUES (78, 78, 78, 'Alias illo a ut rem nisi amet aut. Nemo voluptatem vitae ipsam. Nisi non minus harum ratione.', 'Veritatis libero et esse doloremque deserunt voluptatem. Doloremque nostrum cupiditate tempora. Ad reiciendis dolores quibusdam nihil sit et fuga.', 0, 0, 0, '1978-04-26 17:36:14', '2001-05-12 19:25:05');
INSERT INTO `messages` (`id`, `from_user_id`, `to_user_id`, `message_header`, `message_body`, `sent_flag`, `received_flag`, `edited_flag`, `created_at`, `updated_at`) VALUES (79, 79, 79, 'Ab esse sit sed praesentium. Animi id deserunt maiores velit commodi qui illum eveniet. Porro voluptatum at iusto repellat assumenda consequatur et. Qui officia magnam similique quisquam praesentium est voluptates.', 'Dignissimos dicta ut et voluptate quibusdam non repellendus. Eveniet perspiciatis aut nostrum.', 0, 0, 0, '2005-02-20 04:22:27', '2021-02-13 15:25:19');
INSERT INTO `messages` (`id`, `from_user_id`, `to_user_id`, `message_header`, `message_body`, `sent_flag`, `received_flag`, `edited_flag`, `created_at`, `updated_at`) VALUES (80, 80, 80, 'Cupiditate explicabo quibusdam porro ullam. Mollitia cupiditate et velit possimus voluptatibus est. Id perferendis nihil asperiores deserunt autem. Voluptatum est aperiam voluptas eos eligendi.', 'Deserunt ex ducimus eveniet fuga esse delectus. Rem et quis architecto sequi. Blanditiis officia et ut.', 0, 0, 0, '1974-11-20 22:40:47', '2006-01-19 13:24:28');
INSERT INTO `messages` (`id`, `from_user_id`, `to_user_id`, `message_header`, `message_body`, `sent_flag`, `received_flag`, `edited_flag`, `created_at`, `updated_at`) VALUES (81, 81, 81, 'Et sit aut ut officia provident. Exercitationem reiciendis quia molestias quaerat odit. Magnam ut voluptas harum quibusdam amet assumenda fuga.', 'Modi aut est est placeat. Quod dolore iste unde eligendi aut veniam. Assumenda commodi voluptatum consequatur eveniet harum qui facere. Nemo illum pariatur facere et cupiditate quo omnis et.', 0, 0, 0, '1987-06-25 08:54:15', '1995-12-04 16:25:56');
INSERT INTO `messages` (`id`, `from_user_id`, `to_user_id`, `message_header`, `message_body`, `sent_flag`, `received_flag`, `edited_flag`, `created_at`, `updated_at`) VALUES (82, 82, 82, 'Praesentium sit sit nesciunt ea nisi quis occaecati. Non soluta voluptatem numquam libero laboriosam optio laudantium maiores. Sunt accusamus sint eligendi veniam error aliquam. Molestiae optio omnis quisquam minima cupiditate consequuntur.', 'Laboriosam qui velit ut qui pariatur. Dolorem quos ducimus et aperiam animi possimus voluptas. Ex aut voluptatem quia fugiat vel quisquam. Qui numquam et ut qui quo maxime ipsum adipisci.', 0, 0, 0, '2019-12-09 20:04:19', '2016-05-14 11:21:29');
INSERT INTO `messages` (`id`, `from_user_id`, `to_user_id`, `message_header`, `message_body`, `sent_flag`, `received_flag`, `edited_flag`, `created_at`, `updated_at`) VALUES (83, 83, 83, 'Deleniti atque rerum quas qui dolorem et. Tempora sint unde et ea autem minus dignissimos hic. Voluptatem molestiae dolor delectus molestias dolorem et voluptate. Et quae aut ea sed.', 'Ducimus dolorem quidem eum voluptatibus quia illum a ea. Non inventore quia nihil inventore iure hic sint. Vitae nam est ipsam quos reprehenderit. Similique hic culpa assumenda non. Qui exercitationem eligendi sapiente voluptatem aut.', 0, 0, 0, '2009-11-29 04:14:21', '1981-04-04 18:48:25');
INSERT INTO `messages` (`id`, `from_user_id`, `to_user_id`, `message_header`, `message_body`, `sent_flag`, `received_flag`, `edited_flag`, `created_at`, `updated_at`) VALUES (84, 84, 84, 'Enim repudiandae natus consequuntur a eum. Aperiam impedit non cum voluptas repudiandae. Veritatis commodi nesciunt aut odit et eaque. Hic velit nam doloremque exercitationem.', 'Omnis eos hic beatae et voluptas recusandae et. Dolorem et recusandae debitis ut eos doloremque. Vel error quisquam itaque omnis labore autem.', 0, 0, 0, '1990-06-08 01:02:12', '1996-06-07 18:12:45');
INSERT INTO `messages` (`id`, `from_user_id`, `to_user_id`, `message_header`, `message_body`, `sent_flag`, `received_flag`, `edited_flag`, `created_at`, `updated_at`) VALUES (85, 85, 85, 'Et et expedita vitae a vitae. Modi qui est qui ducimus vero est tempore. Sit autem fugit temporibus. Eligendi quaerat sed aut iusto.', 'Distinctio quis sit aut nulla omnis. Est quidem atque consequatur aut quia optio esse explicabo. Eum qui quo soluta dolores quis aut.', 0, 0, 0, '2005-07-27 17:36:41', '2018-11-04 04:09:41');
INSERT INTO `messages` (`id`, `from_user_id`, `to_user_id`, `message_header`, `message_body`, `sent_flag`, `received_flag`, `edited_flag`, `created_at`, `updated_at`) VALUES (86, 86, 86, 'Sapiente accusamus omnis tempora quo quae cupiditate minus deleniti. Beatae impedit ut sapiente eos accusantium. Deleniti qui tenetur exercitationem molestias.', 'Hic aut culpa dolorem beatae consequatur odio et. Facere distinctio voluptatum repudiandae exercitationem nemo blanditiis debitis officia. Aut nesciunt quidem fugit consectetur. Nesciunt enim voluptatem magnam quo ut ut.', 0, 0, 0, '2006-10-31 09:29:28', '2018-06-28 16:51:23');
INSERT INTO `messages` (`id`, `from_user_id`, `to_user_id`, `message_header`, `message_body`, `sent_flag`, `received_flag`, `edited_flag`, `created_at`, `updated_at`) VALUES (87, 87, 87, 'Quibusdam ducimus nihil quam rerum et atque velit. Sint sit sit illo tempore et repellat placeat. Neque libero eos est sint reiciendis facere aut.', 'Cupiditate velit et laudantium consequatur atque. Fugiat qui perferendis est dolor dolorum et voluptas. Voluptatem rerum iure minima tempora reprehenderit possimus.', 0, 0, 0, '1972-03-29 13:31:17', '2016-07-24 14:18:29');
INSERT INTO `messages` (`id`, `from_user_id`, `to_user_id`, `message_header`, `message_body`, `sent_flag`, `received_flag`, `edited_flag`, `created_at`, `updated_at`) VALUES (88, 88, 88, 'Deleniti deserunt aut et id et. Velit illo magnam neque deserunt et ullam. Itaque a eveniet aut itaque tempora.', 'Rerum dolor corporis laborum odio earum non. Praesentium at et rerum et provident. Molestias porro in qui veritatis iste distinctio. Veniam in dolores dolorum neque minima.', 0, 0, 0, '1991-07-19 22:04:09', '2003-04-15 01:09:54');
INSERT INTO `messages` (`id`, `from_user_id`, `to_user_id`, `message_header`, `message_body`, `sent_flag`, `received_flag`, `edited_flag`, `created_at`, `updated_at`) VALUES (89, 89, 89, 'Nostrum esse deserunt assumenda aut corrupti. Nemo aspernatur quo et quibusdam nobis illum dolorem soluta. Illo totam distinctio nisi voluptas. Aut porro non dolor est alias voluptas.', 'Sed debitis quod eum qui. Rerum unde aut tempore laborum quas distinctio. Magni nostrum fuga amet nulla laborum. Nihil ipsum sunt voluptas repudiandae et voluptate repellat dolores.', 0, 0, 0, '1992-03-24 01:24:42', '1970-09-09 19:18:45');
INSERT INTO `messages` (`id`, `from_user_id`, `to_user_id`, `message_header`, `message_body`, `sent_flag`, `received_flag`, `edited_flag`, `created_at`, `updated_at`) VALUES (90, 90, 90, 'Asperiores consequatur ea corrupti quod sed omnis. Aspernatur est nihil dolorem ab delectus cupiditate. Id officiis repudiandae eveniet qui eum consectetur. Aut voluptatem perferendis atque ab.', 'Cum sit eveniet autem ipsa. Delectus libero omnis voluptatem aspernatur minus. Rem asperiores dolores aliquam repudiandae omnis voluptatem nam. Assumenda quia excepturi quia aut.', 0, 0, 0, '2004-05-09 12:00:21', '1985-01-15 14:34:35');
INSERT INTO `messages` (`id`, `from_user_id`, `to_user_id`, `message_header`, `message_body`, `sent_flag`, `received_flag`, `edited_flag`, `created_at`, `updated_at`) VALUES (91, 91, 91, 'Et est hic voluptatum optio non aliquam cupiditate. Expedita minima corporis et rerum amet consequatur. Tempora nobis ullam quisquam odit harum odio. Culpa harum iure possimus excepturi hic omnis maiores.', 'Eos rerum pariatur nobis quod enim atque veniam. Amet est culpa est quis quibusdam. Minus soluta fugiat nobis et odio corrupti. Exercitationem molestias consectetur deleniti est aliquam odit nihil. Mollitia illo voluptatem necessitatibus ab ut consequatur.', 0, 0, 0, '1971-09-08 12:02:15', '2007-08-04 06:10:42');
INSERT INTO `messages` (`id`, `from_user_id`, `to_user_id`, `message_header`, `message_body`, `sent_flag`, `received_flag`, `edited_flag`, `created_at`, `updated_at`) VALUES (92, 92, 92, 'Qui distinctio qui dolorum dolorem praesentium. Veritatis eligendi perspiciatis tenetur non aut aut et voluptatem. Eum neque voluptates cumque quia. Laboriosam sapiente quos rerum pariatur odit corrupti id.', 'Corporis maxime facere ad quia iure. Et repellendus cum vel omnis officia.', 0, 0, 0, '1974-11-27 23:12:52', '2006-07-28 22:56:14');
INSERT INTO `messages` (`id`, `from_user_id`, `to_user_id`, `message_header`, `message_body`, `sent_flag`, `received_flag`, `edited_flag`, `created_at`, `updated_at`) VALUES (93, 93, 93, 'Dicta a adipisci veritatis dolores et. In quis qui alias laborum. Sed quia necessitatibus ullam est.', 'Et consequuntur deserunt dolor veritatis sit voluptatem maxime qui. Est laudantium et dolorem necessitatibus. Atque corrupti rerum maxime dolores consequatur maiores laudantium. Corrupti aut id fugit neque. Ipsum sit voluptatibus doloribus neque.', 0, 0, 0, '1999-07-16 06:56:28', '2017-04-07 02:18:13');
INSERT INTO `messages` (`id`, `from_user_id`, `to_user_id`, `message_header`, `message_body`, `sent_flag`, `received_flag`, `edited_flag`, `created_at`, `updated_at`) VALUES (94, 94, 94, 'Assumenda aut voluptas recusandae facilis culpa. Amet ab culpa ratione consectetur unde. Repellat commodi doloremque itaque est.', 'Est corporis minima nisi. Animi reprehenderit repellat est porro quaerat quis. Qui quisquam ea sequi est nemo.', 0, 0, 0, '2013-06-04 13:58:23', '1971-03-17 10:15:10');
INSERT INTO `messages` (`id`, `from_user_id`, `to_user_id`, `message_header`, `message_body`, `sent_flag`, `received_flag`, `edited_flag`, `created_at`, `updated_at`) VALUES (95, 95, 95, 'Voluptates incidunt reprehenderit sunt tempora nihil ut aperiam. Aut ducimus voluptates architecto dolores temporibus laborum labore. Molestias fugit dignissimos in ea omnis. Et qui voluptas delectus aut.', 'Voluptas est neque natus quis dignissimos inventore ullam. Cupiditate nemo consequuntur optio facilis quis nam asperiores. Corrupti omnis qui a non. Quia enim occaecati asperiores cum.', 0, 0, 0, '2017-02-15 07:11:07', '1979-01-18 00:54:45');
INSERT INTO `messages` (`id`, `from_user_id`, `to_user_id`, `message_header`, `message_body`, `sent_flag`, `received_flag`, `edited_flag`, `created_at`, `updated_at`) VALUES (96, 96, 96, 'Modi qui et consequatur. Earum non et quia fugiat inventore cumque nobis. Eos ea ratione dolores dolor beatae dolores labore.', 'Nihil laudantium quaerat eius ex voluptatem a non. Deserunt quibusdam iste culpa eaque doloribus illum corrupti. Hic exercitationem cupiditate quos blanditiis perferendis dolores ut.', 0, 0, 0, '1996-02-28 01:51:12', '2019-03-04 22:43:34');
INSERT INTO `messages` (`id`, `from_user_id`, `to_user_id`, `message_header`, `message_body`, `sent_flag`, `received_flag`, `edited_flag`, `created_at`, `updated_at`) VALUES (97, 97, 97, 'Qui ducimus aut omnis sint. Nobis quaerat aspernatur dolores cum quia. Voluptates cumque impedit qui rerum. Excepturi voluptatem ad omnis quod.', 'At aut ut aut assumenda est. Inventore ut nihil facilis perspiciatis earum. Fugit consectetur qui illo ipsam placeat est. Debitis pariatur quod culpa maiores et. Cupiditate et reprehenderit maxime eveniet.', 0, 0, 0, '2013-01-25 22:19:41', '1973-12-29 21:13:08');
INSERT INTO `messages` (`id`, `from_user_id`, `to_user_id`, `message_header`, `message_body`, `sent_flag`, `received_flag`, `edited_flag`, `created_at`, `updated_at`) VALUES (98, 98, 98, 'Officia et iure eum perferendis delectus non. Recusandae deserunt non ea ad libero. Totam eligendi reiciendis harum.', 'Praesentium explicabo similique dolores possimus voluptatem possimus officia. Nisi ut quis architecto dolores blanditiis vel. Eos sit sed pariatur quaerat fugit vitae.', 0, 0, 0, '2008-03-20 06:51:16', '1992-05-01 10:24:28');
INSERT INTO `messages` (`id`, `from_user_id`, `to_user_id`, `message_header`, `message_body`, `sent_flag`, `received_flag`, `edited_flag`, `created_at`, `updated_at`) VALUES (99, 99, 99, 'Est est non molestiae fugiat saepe qui. Architecto sed consequatur omnis vero labore totam voluptates. Consequuntur eum consequatur ut et.', 'In quas et dolor et fugit nulla. Necessitatibus fugiat accusamus quo necessitatibus. Pariatur adipisci non a rerum nostrum suscipit. Qui molestiae est delectus eveniet ut consequatur.', 0, 0, 0, '2001-12-11 10:00:11', '1978-12-20 18:52:23');
INSERT INTO `messages` (`id`, `from_user_id`, `to_user_id`, `message_header`, `message_body`, `sent_flag`, `received_flag`, `edited_flag`, `created_at`, `updated_at`) VALUES (100, 100, 100, 'Aut et corporis consequatur quaerat magni modi. Aspernatur aliquam laboriosam iusto rerum voluptatem voluptatem vel. Sint omnis voluptatem omnis voluptate amet.', 'Nostrum fugit aliquam autem molestiae. Cupiditate adipisci ullam facere. Enim nihil ipsam dolorem adipisci ex odit. Sit quod dolor sunt sit excepturi quis sed.', 0, 0, 0, '1974-01-04 03:18:19', '2014-01-09 05:27:45');

INSERT INTO `profiles` (`id`, `first_name`, `last_name`, `user_id`, `birth_date`, `country`, `city`, `profile_status`) VALUES (1, 'Pietro', 'Ryan', 1, '2007-11-05', '66', 'South Dion', 'OFFLINE');
INSERT INTO `profiles` (`id`, `first_name`, `last_name`, `user_id`, `birth_date`, `country`, `city`, `profile_status`) VALUES (2, 'Derick', 'Kirlin', 2, '1980-06-26', '4', 'Natalieburgh', 'ONLINE');
INSERT INTO `profiles` (`id`, `first_name`, `last_name`, `user_id`, `birth_date`, `country`, `city`, `profile_status`) VALUES (3, 'Meaghan', 'Mayert', 3, '1998-03-28', '873310', 'Lake Shania', 'OFFLINE');
INSERT INTO `profiles` (`id`, `first_name`, `last_name`, `user_id`, `birth_date`, `country`, `city`, `profile_status`) VALUES (4, 'Luis', 'Balistreri', 4, '2009-08-28', '109766', 'Durganstad', 'INACTIVE');
INSERT INTO `profiles` (`id`, `first_name`, `last_name`, `user_id`, `birth_date`, `country`, `city`, `profile_status`) VALUES (5, 'Sydnee', 'Goldner', 5, '1995-01-25', '16584644', 'Mayastad', 'OFFLINE');
INSERT INTO `profiles` (`id`, `first_name`, `last_name`, `user_id`, `birth_date`, `country`, `city`, `profile_status`) VALUES (6, 'Daphney', 'Aufderhar', 6, '2019-04-24', '595475', 'Port Alena', 'OFFLINE');
INSERT INTO `profiles` (`id`, `first_name`, `last_name`, `user_id`, `birth_date`, `country`, `city`, `profile_status`) VALUES (7, 'Presley', 'Reinger', 7, '1982-07-21', '2886874', 'Aldaberg', 'OFFLINE');
INSERT INTO `profiles` (`id`, `first_name`, `last_name`, `user_id`, `birth_date`, `country`, `city`, `profile_status`) VALUES (8, 'Anabelle', 'Halvorson', 8, '2016-03-01', '18193', 'Port Jarod', 'OFFLINE');
INSERT INTO `profiles` (`id`, `first_name`, `last_name`, `user_id`, `birth_date`, `country`, `city`, `profile_status`) VALUES (9, 'Darrion', 'Dickens', 9, '1990-05-21', '2081101', 'New Drakeville', 'OFFLINE');
INSERT INTO `profiles` (`id`, `first_name`, `last_name`, `user_id`, `birth_date`, `country`, `city`, `profile_status`) VALUES (10, 'Icie', 'Nienow', 10, '1984-04-26', '9982', 'Ferrychester', 'INACTIVE');
INSERT INTO `profiles` (`id`, `first_name`, `last_name`, `user_id`, `birth_date`, `country`, `city`, `profile_status`) VALUES (11, 'Mario', 'Braun', 11, '2008-04-25', '23588821', 'Dallinmouth', 'OFFLINE');
INSERT INTO `profiles` (`id`, `first_name`, `last_name`, `user_id`, `birth_date`, `country`, `city`, `profile_status`) VALUES (12, 'Tatyana', 'Keeling', 12, '1976-04-23', '66233', 'Jonesstad', 'INACTIVE');
INSERT INTO `profiles` (`id`, `first_name`, `last_name`, `user_id`, `birth_date`, `country`, `city`, `profile_status`) VALUES (13, 'Keara', 'Marquardt', 13, '2010-06-22', '7', 'New Roselyn', 'OFFLINE');
INSERT INTO `profiles` (`id`, `first_name`, `last_name`, `user_id`, `birth_date`, `country`, `city`, `profile_status`) VALUES (14, 'Araceli', 'Champlin', 14, '1994-01-11', '4063', 'Lake Antone', 'INACTIVE');
INSERT INTO `profiles` (`id`, `first_name`, `last_name`, `user_id`, `birth_date`, `country`, `city`, `profile_status`) VALUES (15, 'Lucio', 'Luettgen', 15, '1990-12-30', '70084', 'Port Mervin', 'ONLINE');
INSERT INTO `profiles` (`id`, `first_name`, `last_name`, `user_id`, `birth_date`, `country`, `city`, `profile_status`) VALUES (16, 'Ruthe', 'Gusikowski', 16, '1999-05-02', '34886', 'Lake Emil', 'OFFLINE');
INSERT INTO `profiles` (`id`, `first_name`, `last_name`, `user_id`, `birth_date`, `country`, `city`, `profile_status`) VALUES (17, 'Abbigail', 'Homenick', 17, '1988-05-28', '118173', 'East Percyshire', 'ONLINE');
INSERT INTO `profiles` (`id`, `first_name`, `last_name`, `user_id`, `birth_date`, `country`, `city`, `profile_status`) VALUES (18, 'Drake', 'Green', 18, '1995-09-05', '449', 'South Laisha', 'OFFLINE');
INSERT INTO `profiles` (`id`, `first_name`, `last_name`, `user_id`, `birth_date`, `country`, `city`, `profile_status`) VALUES (19, 'Turner', 'Brakus', 19, '1997-03-24', '237187', 'East Danielaside', 'ONLINE');
INSERT INTO `profiles` (`id`, `first_name`, `last_name`, `user_id`, `birth_date`, `country`, `city`, `profile_status`) VALUES (20, 'Katelyn', 'Hessel', 20, '1997-01-06', '', 'Kathryneville', 'ONLINE');
INSERT INTO `profiles` (`id`, `first_name`, `last_name`, `user_id`, `birth_date`, `country`, `city`, `profile_status`) VALUES (21, 'Judy', 'Friesen', 21, '2008-11-04', '443771655', 'Lizethland', 'INACTIVE');
INSERT INTO `profiles` (`id`, `first_name`, `last_name`, `user_id`, `birth_date`, `country`, `city`, `profile_status`) VALUES (22, 'Raheem', 'Bartoletti', 22, '1983-08-15', '110035', 'Osinskimouth', 'ONLINE');
INSERT INTO `profiles` (`id`, `first_name`, `last_name`, `user_id`, `birth_date`, `country`, `city`, `profile_status`) VALUES (23, 'Dexter', 'Monahan', 23, '1985-09-30', '39', 'Howebury', 'ONLINE');
INSERT INTO `profiles` (`id`, `first_name`, `last_name`, `user_id`, `birth_date`, `country`, `city`, `profile_status`) VALUES (24, 'Sophia', 'Feest', 24, '1988-10-17', '47', 'South Tayaborough', 'OFFLINE');
INSERT INTO `profiles` (`id`, `first_name`, `last_name`, `user_id`, `birth_date`, `country`, `city`, `profile_status`) VALUES (25, 'Winona', 'Walker', 25, '2020-06-11', '81920924', 'Andrefort', 'ONLINE');
INSERT INTO `profiles` (`id`, `first_name`, `last_name`, `user_id`, `birth_date`, `country`, `city`, `profile_status`) VALUES (26, 'Coty', 'Wolf', 26, '1980-06-18', '', 'East Sedrickburgh', 'ONLINE');
INSERT INTO `profiles` (`id`, `first_name`, `last_name`, `user_id`, `birth_date`, `country`, `city`, `profile_status`) VALUES (27, 'Easton', 'Hilll', 27, '2018-10-17', '2', 'Ernestohaven', 'ONLINE');
INSERT INTO `profiles` (`id`, `first_name`, `last_name`, `user_id`, `birth_date`, `country`, `city`, `profile_status`) VALUES (28, 'Colt', 'Turcotte', 28, '1997-08-02', '2726', 'Ebertborough', 'INACTIVE');
INSERT INTO `profiles` (`id`, `first_name`, `last_name`, `user_id`, `birth_date`, `country`, `city`, `profile_status`) VALUES (29, 'Eveline', 'Gutmann', 29, '2002-08-31', '34309', 'Port Glenbury', 'ONLINE');
INSERT INTO `profiles` (`id`, `first_name`, `last_name`, `user_id`, `birth_date`, `country`, `city`, `profile_status`) VALUES (30, 'Dixie', 'Beatty', 30, '1987-11-05', '647851', 'Ewellton', 'INACTIVE');
INSERT INTO `profiles` (`id`, `first_name`, `last_name`, `user_id`, `birth_date`, `country`, `city`, `profile_status`) VALUES (31, 'Joshuah', 'Nader', 31, '2007-04-02', '10095', 'East Jeramiefort', 'INACTIVE');
INSERT INTO `profiles` (`id`, `first_name`, `last_name`, `user_id`, `birth_date`, `country`, `city`, `profile_status`) VALUES (32, 'Edd', 'Gleason', 32, '2016-12-04', '2331038', 'New Jamirfort', 'ONLINE');
INSERT INTO `profiles` (`id`, `first_name`, `last_name`, `user_id`, `birth_date`, `country`, `city`, `profile_status`) VALUES (33, 'Mertie', 'Price', 33, '2014-03-10', '410414', 'North Michael', 'INACTIVE');
INSERT INTO `profiles` (`id`, `first_name`, `last_name`, `user_id`, `birth_date`, `country`, `city`, `profile_status`) VALUES (34, 'Willie', 'Parker', 34, '2006-02-14', '4473', 'East Aliya', 'ONLINE');
INSERT INTO `profiles` (`id`, `first_name`, `last_name`, `user_id`, `birth_date`, `country`, `city`, `profile_status`) VALUES (35, 'Eloise', 'Gulgowski', 35, '2009-06-29', '86159', 'Joanborough', 'INACTIVE');
INSERT INTO `profiles` (`id`, `first_name`, `last_name`, `user_id`, `birth_date`, `country`, `city`, `profile_status`) VALUES (36, 'Carolyne', 'Ward', 36, '2018-08-04', '841091', 'Spencermouth', 'INACTIVE');
INSERT INTO `profiles` (`id`, `first_name`, `last_name`, `user_id`, `birth_date`, `country`, `city`, `profile_status`) VALUES (37, 'Clovis', 'Veum', 37, '1978-02-28', '8', 'Fritschport', 'OFFLINE');
INSERT INTO `profiles` (`id`, `first_name`, `last_name`, `user_id`, `birth_date`, `country`, `city`, `profile_status`) VALUES (38, 'Eduardo', 'Haag', 38, '2004-04-12', '91437189', 'Port Leonardo', 'OFFLINE');
INSERT INTO `profiles` (`id`, `first_name`, `last_name`, `user_id`, `birth_date`, `country`, `city`, `profile_status`) VALUES (39, 'Candelario', 'Simonis', 39, '2003-04-04', '91019', 'Romagueraview', 'ONLINE');
INSERT INTO `profiles` (`id`, `first_name`, `last_name`, `user_id`, `birth_date`, `country`, `city`, `profile_status`) VALUES (40, 'Keara', 'Toy', 40, '1984-07-23', '170', 'Jeannemouth', 'OFFLINE');
INSERT INTO `profiles` (`id`, `first_name`, `last_name`, `user_id`, `birth_date`, `country`, `city`, `profile_status`) VALUES (41, 'Leone', 'Bosco', 41, '1977-05-10', '7', 'East Gonzalo', 'INACTIVE');
INSERT INTO `profiles` (`id`, `first_name`, `last_name`, `user_id`, `birth_date`, `country`, `city`, `profile_status`) VALUES (42, 'John', 'Flatley', 42, '2013-04-04', '62415844', 'Port Taureanshire', 'OFFLINE');
INSERT INTO `profiles` (`id`, `first_name`, `last_name`, `user_id`, `birth_date`, `country`, `city`, `profile_status`) VALUES (43, 'Veda', 'Goyette', 43, '2014-10-20', '73134', 'Samantahaven', 'ONLINE');
INSERT INTO `profiles` (`id`, `first_name`, `last_name`, `user_id`, `birth_date`, `country`, `city`, `profile_status`) VALUES (44, 'Geoffrey', 'Marvin', 44, '2010-11-28', '604502690', 'South Rachael', 'ONLINE');
INSERT INTO `profiles` (`id`, `first_name`, `last_name`, `user_id`, `birth_date`, `country`, `city`, `profile_status`) VALUES (45, 'Dorcas', 'Boyer', 45, '1999-05-31', '2657516', 'Rebecaland', 'OFFLINE');
INSERT INTO `profiles` (`id`, `first_name`, `last_name`, `user_id`, `birth_date`, `country`, `city`, `profile_status`) VALUES (46, 'Daren', 'Barton', 46, '2021-03-04', '', 'Ferryburgh', 'ONLINE');
INSERT INTO `profiles` (`id`, `first_name`, `last_name`, `user_id`, `birth_date`, `country`, `city`, `profile_status`) VALUES (47, 'Jena', 'Rolfson', 47, '1993-02-14', '29867', 'Pfannerstillchester', 'ONLINE');
INSERT INTO `profiles` (`id`, `first_name`, `last_name`, `user_id`, `birth_date`, `country`, `city`, `profile_status`) VALUES (48, 'Blanche', 'Brown', 48, '2000-02-23', '26509777', 'New Aaliyah', 'OFFLINE');
INSERT INTO `profiles` (`id`, `first_name`, `last_name`, `user_id`, `birth_date`, `country`, `city`, `profile_status`) VALUES (49, 'Larissa', 'Schultz', 49, '2007-10-01', '', 'Goyettestad', 'OFFLINE');
INSERT INTO `profiles` (`id`, `first_name`, `last_name`, `user_id`, `birth_date`, `country`, `city`, `profile_status`) VALUES (50, 'Dexter', 'Hills', 50, '1974-03-01', '67', 'Baileyshire', 'ONLINE');
INSERT INTO `profiles` (`id`, `first_name`, `last_name`, `user_id`, `birth_date`, `country`, `city`, `profile_status`) VALUES (51, 'Keenan', 'Dickinson', 51, '2003-03-24', '', 'New Houston', 'ONLINE');
INSERT INTO `profiles` (`id`, `first_name`, `last_name`, `user_id`, `birth_date`, `country`, `city`, `profile_status`) VALUES (52, 'Syble', 'Ruecker', 52, '2006-06-27', '572779191', 'Brandoburgh', 'OFFLINE');
INSERT INTO `profiles` (`id`, `first_name`, `last_name`, `user_id`, `birth_date`, `country`, `city`, `profile_status`) VALUES (53, 'Hershel', 'Marks', 53, '1996-05-26', '96', 'North Ernest', 'ONLINE');
INSERT INTO `profiles` (`id`, `first_name`, `last_name`, `user_id`, `birth_date`, `country`, `city`, `profile_status`) VALUES (54, 'Felicity', 'McLaughlin', 54, '1991-06-04', '57376605', 'East Ryleighfurt', 'OFFLINE');
INSERT INTO `profiles` (`id`, `first_name`, `last_name`, `user_id`, `birth_date`, `country`, `city`, `profile_status`) VALUES (55, 'Lilyan', 'Spinka', 55, '2013-05-08', '31606063', 'Millerfort', 'ONLINE');
INSERT INTO `profiles` (`id`, `first_name`, `last_name`, `user_id`, `birth_date`, `country`, `city`, `profile_status`) VALUES (56, 'Neha', 'Johnson', 56, '2004-05-25', '315652', 'Pollichside', 'OFFLINE');
INSERT INTO `profiles` (`id`, `first_name`, `last_name`, `user_id`, `birth_date`, `country`, `city`, `profile_status`) VALUES (57, 'Ryleigh', 'Medhurst', 57, '1982-11-21', '10761', 'Audreanneshire', 'OFFLINE');
INSERT INTO `profiles` (`id`, `first_name`, `last_name`, `user_id`, `birth_date`, `country`, `city`, `profile_status`) VALUES (58, 'Aubree', 'Flatley', 58, '2004-09-26', '', 'Earnestinefurt', 'INACTIVE');
INSERT INTO `profiles` (`id`, `first_name`, `last_name`, `user_id`, `birth_date`, `country`, `city`, `profile_status`) VALUES (59, 'Carrie', 'Jaskolski', 59, '2009-07-29', '15', 'Port Kareem', 'INACTIVE');
INSERT INTO `profiles` (`id`, `first_name`, `last_name`, `user_id`, `birth_date`, `country`, `city`, `profile_status`) VALUES (60, 'Curt', 'Okuneva', 60, '1993-07-30', '545', 'North Horacetown', 'INACTIVE');
INSERT INTO `profiles` (`id`, `first_name`, `last_name`, `user_id`, `birth_date`, `country`, `city`, `profile_status`) VALUES (61, 'Lilyan', 'Hilll', 61, '1971-12-28', '38', 'Nannieborough', 'OFFLINE');
INSERT INTO `profiles` (`id`, `first_name`, `last_name`, `user_id`, `birth_date`, `country`, `city`, `profile_status`) VALUES (62, 'Mireya', 'Wisozk', 62, '1993-07-06', '335', 'Schoenton', 'OFFLINE');
INSERT INTO `profiles` (`id`, `first_name`, `last_name`, `user_id`, `birth_date`, `country`, `city`, `profile_status`) VALUES (63, 'Vanessa', 'Hilll', 63, '1972-09-05', '', 'Vonhaven', 'OFFLINE');
INSERT INTO `profiles` (`id`, `first_name`, `last_name`, `user_id`, `birth_date`, `country`, `city`, `profile_status`) VALUES (64, 'Ana', 'Bauch', 64, '2007-12-04', '', 'Tillmanton', 'OFFLINE');
INSERT INTO `profiles` (`id`, `first_name`, `last_name`, `user_id`, `birth_date`, `country`, `city`, `profile_status`) VALUES (65, 'Sherwood', 'Swift', 65, '1973-08-07', '16427398', 'Lake Cobychester', 'OFFLINE');
INSERT INTO `profiles` (`id`, `first_name`, `last_name`, `user_id`, `birth_date`, `country`, `city`, `profile_status`) VALUES (66, 'Ezequiel', 'Walker', 66, '1989-11-03', '', 'Lenoramouth', 'OFFLINE');
INSERT INTO `profiles` (`id`, `first_name`, `last_name`, `user_id`, `birth_date`, `country`, `city`, `profile_status`) VALUES (67, 'Brennon', 'Batz', 67, '2004-12-17', '67', 'North Clarissastad', 'ONLINE');
INSERT INTO `profiles` (`id`, `first_name`, `last_name`, `user_id`, `birth_date`, `country`, `city`, `profile_status`) VALUES (68, 'Lavinia', 'Hermann', 68, '1997-04-24', '43077914', 'Boyerhaven', 'OFFLINE');
INSERT INTO `profiles` (`id`, `first_name`, `last_name`, `user_id`, `birth_date`, `country`, `city`, `profile_status`) VALUES (69, 'Lorenz', 'Ratke', 69, '1974-10-01', '186766289', 'Gusikowskitown', 'OFFLINE');
INSERT INTO `profiles` (`id`, `first_name`, `last_name`, `user_id`, `birth_date`, `country`, `city`, `profile_status`) VALUES (70, 'Fernando', 'Klocko', 70, '1997-07-09', '7133346', 'South Jadonshire', 'INACTIVE');
INSERT INTO `profiles` (`id`, `first_name`, `last_name`, `user_id`, `birth_date`, `country`, `city`, `profile_status`) VALUES (71, 'Fannie', 'Schinner', 71, '1981-08-17', '22173', 'Smithamfurt', 'INACTIVE');
INSERT INTO `profiles` (`id`, `first_name`, `last_name`, `user_id`, `birth_date`, `country`, `city`, `profile_status`) VALUES (72, 'Ethan', 'Klocko', 72, '1986-10-19', '1', 'North Yessenia', 'INACTIVE');
INSERT INTO `profiles` (`id`, `first_name`, `last_name`, `user_id`, `birth_date`, `country`, `city`, `profile_status`) VALUES (73, 'Beverly', 'Fay', 73, '1980-06-11', '675', 'Port Chesleymouth', 'OFFLINE');
INSERT INTO `profiles` (`id`, `first_name`, `last_name`, `user_id`, `birth_date`, `country`, `city`, `profile_status`) VALUES (74, 'Fiona', 'Koss', 74, '2016-04-02', '52300166', 'Kshlerinchester', 'ONLINE');
INSERT INTO `profiles` (`id`, `first_name`, `last_name`, `user_id`, `birth_date`, `country`, `city`, `profile_status`) VALUES (75, 'Trenton', 'Senger', 75, '1993-04-18', '854817501', 'South Tracey', 'INACTIVE');
INSERT INTO `profiles` (`id`, `first_name`, `last_name`, `user_id`, `birth_date`, `country`, `city`, `profile_status`) VALUES (76, 'Roxanne', 'Mertz', 76, '2010-04-13', '831429383', 'West Mattie', 'ONLINE');
INSERT INTO `profiles` (`id`, `first_name`, `last_name`, `user_id`, `birth_date`, `country`, `city`, `profile_status`) VALUES (77, 'Josianne', 'Casper', 77, '1997-02-27', '17118392', 'South Estell', 'OFFLINE');
INSERT INTO `profiles` (`id`, `first_name`, `last_name`, `user_id`, `birth_date`, `country`, `city`, `profile_status`) VALUES (78, 'Bernadette', 'Bashirian', 78, '2009-06-25', '514', 'East Idella', 'OFFLINE');
INSERT INTO `profiles` (`id`, `first_name`, `last_name`, `user_id`, `birth_date`, `country`, `city`, `profile_status`) VALUES (79, 'Floy', 'Reynolds', 79, '1990-09-24', '27042618', 'South Ewald', 'ONLINE');
INSERT INTO `profiles` (`id`, `first_name`, `last_name`, `user_id`, `birth_date`, `country`, `city`, `profile_status`) VALUES (80, 'Lesly', 'D\'Amore', 80, '2007-07-13', '63539652', 'East Herminaborough', 'INACTIVE');
INSERT INTO `profiles` (`id`, `first_name`, `last_name`, `user_id`, `birth_date`, `country`, `city`, `profile_status`) VALUES (81, 'Gladys', 'Dietrich', 81, '2019-04-05', '63024900', 'Hayleebury', 'OFFLINE');
INSERT INTO `profiles` (`id`, `first_name`, `last_name`, `user_id`, `birth_date`, `country`, `city`, `profile_status`) VALUES (82, 'Melisa', 'Howell', 82, '1996-08-05', '93289', 'New Ahmad', 'INACTIVE');
INSERT INTO `profiles` (`id`, `first_name`, `last_name`, `user_id`, `birth_date`, `country`, `city`, `profile_status`) VALUES (83, 'Palma', 'Marks', 83, '1998-03-08', '16', 'Myronbury', 'OFFLINE');
INSERT INTO `profiles` (`id`, `first_name`, `last_name`, `user_id`, `birth_date`, `country`, `city`, `profile_status`) VALUES (84, 'Warren', 'Anderson', 84, '2015-08-23', '', 'North Jairoville', 'INACTIVE');
INSERT INTO `profiles` (`id`, `first_name`, `last_name`, `user_id`, `birth_date`, `country`, `city`, `profile_status`) VALUES (85, 'Iva', 'Kuhic', 85, '1987-03-23', '1418341', 'West Gwenfurt', 'ONLINE');
INSERT INTO `profiles` (`id`, `first_name`, `last_name`, `user_id`, `birth_date`, `country`, `city`, `profile_status`) VALUES (86, 'Carlo', 'Brakus', 86, '1978-12-28', '6', 'Stoltenbergburgh', 'ONLINE');
INSERT INTO `profiles` (`id`, `first_name`, `last_name`, `user_id`, `birth_date`, `country`, `city`, `profile_status`) VALUES (87, 'Paolo', 'Zulauf', 87, '1971-01-08', '59573', 'North Carleton', 'OFFLINE');
INSERT INTO `profiles` (`id`, `first_name`, `last_name`, `user_id`, `birth_date`, `country`, `city`, `profile_status`) VALUES (88, 'Savanna', 'Muller', 88, '2013-07-13', '9983567', 'Howeshire', 'ONLINE');
INSERT INTO `profiles` (`id`, `first_name`, `last_name`, `user_id`, `birth_date`, `country`, `city`, `profile_status`) VALUES (89, 'Billy', 'Kris', 89, '1977-12-06', '55952283', 'East Cathrine', 'OFFLINE');
INSERT INTO `profiles` (`id`, `first_name`, `last_name`, `user_id`, `birth_date`, `country`, `city`, `profile_status`) VALUES (90, 'Kenna', 'Parker', 90, '2008-02-06', '189125', 'Arloton', 'ONLINE');
INSERT INTO `profiles` (`id`, `first_name`, `last_name`, `user_id`, `birth_date`, `country`, `city`, `profile_status`) VALUES (91, 'Annie', 'Kub', 91, '1993-12-24', '6', 'Port Ludietown', 'OFFLINE');
INSERT INTO `profiles` (`id`, `first_name`, `last_name`, `user_id`, `birth_date`, `country`, `city`, `profile_status`) VALUES (92, 'Ivory', 'Dicki', 92, '1982-08-01', '71', 'East Justinaton', 'INACTIVE');
INSERT INTO `profiles` (`id`, `first_name`, `last_name`, `user_id`, `birth_date`, `country`, `city`, `profile_status`) VALUES (93, 'Adrienne', 'Hand', 93, '1996-01-19', '7', 'Clementchester', 'INACTIVE');
INSERT INTO `profiles` (`id`, `first_name`, `last_name`, `user_id`, `birth_date`, `country`, `city`, `profile_status`) VALUES (94, 'Marco', 'Powlowski', 94, '2000-09-08', '57', 'New Destinee', 'INACTIVE');
INSERT INTO `profiles` (`id`, `first_name`, `last_name`, `user_id`, `birth_date`, `country`, `city`, `profile_status`) VALUES (95, 'Brielle', 'Effertz', 95, '1980-04-11', '9509', 'North Alessiastad', 'INACTIVE');
INSERT INTO `profiles` (`id`, `first_name`, `last_name`, `user_id`, `birth_date`, `country`, `city`, `profile_status`) VALUES (96, 'Jennings', 'Tremblay', 96, '1979-07-24', '5', 'East Brooke', 'INACTIVE');
INSERT INTO `profiles` (`id`, `first_name`, `last_name`, `user_id`, `birth_date`, `country`, `city`, `profile_status`) VALUES (97, 'Garrett', 'Mraz', 97, '2006-12-01', '75213665', 'Brannonside', 'OFFLINE');
INSERT INTO `profiles` (`id`, `first_name`, `last_name`, `user_id`, `birth_date`, `country`, `city`, `profile_status`) VALUES (98, 'Alexanne', 'Bauch', 98, '1974-04-04', '8378212', 'Lorineton', 'ONLINE');
INSERT INTO `profiles` (`id`, `first_name`, `last_name`, `user_id`, `birth_date`, `country`, `city`, `profile_status`) VALUES (99, 'Danielle', 'Gusikowski', 99, '1992-06-27', '3597927', 'South Roxanne', 'OFFLINE');
INSERT INTO `profiles` (`id`, `first_name`, `last_name`, `user_id`, `birth_date`, `country`, `city`, `profile_status`) VALUES (100, 'Marguerite', 'Watsica', 100, '1991-05-12', '5', 'Cordiaton', 'ONLINE');


INSERT INTO `users` (`id`, `email`, `phone`, `created_at`, `updated_at`) VALUES (1, 'stoltenberg.kaela@example.net', '652-500-881', '1995-02-19 04:51:05', '2015-06-25 05:08:56');
INSERT INTO `users` (`id`, `email`, `phone`, `created_at`, `updated_at`) VALUES (2, 'laverna.heaney@example.org', '+55(8)73793', '2012-09-14 23:33:39', '2016-02-09 11:46:11');
INSERT INTO `users` (`id`, `email`, `phone`, `created_at`, `updated_at`) VALUES (3, 'fkling@example.org', '1-800-652-7', '1978-04-21 07:46:03', '2003-05-18 02:11:12');
INSERT INTO `users` (`id`, `email`, `phone`, `created_at`, `updated_at`) VALUES (4, 'morton98@example.net', '1-997-126-5', '2015-09-17 02:34:00', '1974-02-27 05:36:16');
INSERT INTO `users` (`id`, `email`, `phone`, `created_at`, `updated_at`) VALUES (5, 'bessie.hackett@example.net', '918-190-827', '1971-12-24 03:45:01', '1976-10-01 06:07:20');
INSERT INTO `users` (`id`, `email`, `phone`, `created_at`, `updated_at`) VALUES (6, 'brandyn.mills@example.com', '+49(6)02473', '2010-11-09 13:15:20', '1999-01-05 05:37:16');
INSERT INTO `users` (`id`, `email`, `phone`, `created_at`, `updated_at`) VALUES (7, 'jerrold.kirlin@example.com', '+80(3)21378', '2016-12-04 17:26:30', '1999-06-24 02:06:26');
INSERT INTO `users` (`id`, `email`, `phone`, `created_at`, `updated_at`) VALUES (8, 'maude10@example.org', '+90(2)50938', '1979-06-20 08:07:05', '2010-11-09 22:11:40');
INSERT INTO `users` (`id`, `email`, `phone`, `created_at`, `updated_at`) VALUES (9, 'nikita50@example.com', '1-930-652-1', '1984-05-03 22:55:10', '2014-09-14 02:47:58');
INSERT INTO `users` (`id`, `email`, `phone`, `created_at`, `updated_at`) VALUES (10, 'zbauch@example.com', '(717)184-88', '1981-07-23 07:05:58', '1998-11-17 06:00:31');
INSERT INTO `users` (`id`, `email`, `phone`, `created_at`, `updated_at`) VALUES (11, 'zanderson@example.org', '(276)552-38', '2002-07-12 00:53:59', '1975-10-05 19:54:32');
INSERT INTO `users` (`id`, `email`, `phone`, `created_at`, `updated_at`) VALUES (12, 'brady75@example.com', '986-638-494', '2014-05-05 16:12:27', '1970-11-29 16:27:39');
INSERT INTO `users` (`id`, `email`, `phone`, `created_at`, `updated_at`) VALUES (13, 'darwin.mayer@example.com', '204-549-249', '2014-08-01 20:46:40', '2008-09-13 04:11:51');
INSERT INTO `users` (`id`, `email`, `phone`, `created_at`, `updated_at`) VALUES (14, 'dietrich.urban@example.com', '(249)243-00', '1983-08-01 00:43:38', '1971-07-22 09:13:42');
INSERT INTO `users` (`id`, `email`, `phone`, `created_at`, `updated_at`) VALUES (15, 'edythe84@example.net', '045.436.627', '1982-04-21 13:52:05', '2015-10-13 05:11:14');
INSERT INTO `users` (`id`, `email`, `phone`, `created_at`, `updated_at`) VALUES (16, 'ruthe.haley@example.net', '+14(3)17619', '1994-06-22 08:23:48', '2006-01-04 17:25:42');
INSERT INTO `users` (`id`, `email`, `phone`, `created_at`, `updated_at`) VALUES (17, 'zbernhard@example.com', '1-094-182-5', '1989-06-21 10:13:41', '2003-12-07 05:32:14');
INSERT INTO `users` (`id`, `email`, `phone`, `created_at`, `updated_at`) VALUES (18, 'dylan17@example.net', '(889)568-43', '1994-12-10 19:56:39', '1985-06-04 11:25:24');
INSERT INTO `users` (`id`, `email`, `phone`, `created_at`, `updated_at`) VALUES (19, 'maggio.patricia@example.com', '1-484-002-5', '1983-03-02 09:02:41', '2021-01-13 04:50:16');
INSERT INTO `users` (`id`, `email`, `phone`, `created_at`, `updated_at`) VALUES (20, 'kutch.rhea@example.org', '819-895-070', '2013-12-18 12:25:16', '1976-07-08 11:27:54');
INSERT INTO `users` (`id`, `email`, `phone`, `created_at`, `updated_at`) VALUES (21, 'francisco.olson@example.org', '627-291-375', '1993-06-02 06:10:28', '1993-04-02 03:19:46');
INSERT INTO `users` (`id`, `email`, `phone`, `created_at`, `updated_at`) VALUES (22, 'angeline.wuckert@example.org', '+96(7)08317', '1994-01-22 20:51:51', '1999-09-13 17:05:07');
INSERT INTO `users` (`id`, `email`, `phone`, `created_at`, `updated_at`) VALUES (23, 'lexie53@example.org', '+99(5)80388', '1976-01-23 17:41:24', '1980-12-04 23:00:43');
INSERT INTO `users` (`id`, `email`, `phone`, `created_at`, `updated_at`) VALUES (24, 'wjohnson@example.com', '887.337.551', '1990-12-13 22:39:40', '1971-02-15 19:09:52');
INSERT INTO `users` (`id`, `email`, `phone`, `created_at`, `updated_at`) VALUES (25, 'evalyn.nienow@example.org', '(432)658-54', '2014-08-26 01:52:07', '2018-10-12 22:30:36');
INSERT INTO `users` (`id`, `email`, `phone`, `created_at`, `updated_at`) VALUES (26, 'reinger.herta@example.org', '(158)286-70', '1996-06-29 15:13:11', '1998-07-04 07:37:04');
INSERT INTO `users` (`id`, `email`, `phone`, `created_at`, `updated_at`) VALUES (27, 'wendell.cartwright@example.net', '1-722-789-0', '1990-08-04 15:40:27', '2002-11-20 16:27:12');
INSERT INTO `users` (`id`, `email`, `phone`, `created_at`, `updated_at`) VALUES (28, 'berge.brisa@example.net', '(166)487-03', '2006-06-22 23:16:48', '2016-05-27 02:27:04');
INSERT INTO `users` (`id`, `email`, `phone`, `created_at`, `updated_at`) VALUES (29, 'mromaguera@example.org', '(760)485-19', '2021-04-30 19:47:23', '2011-01-02 13:36:48');
INSERT INTO `users` (`id`, `email`, `phone`, `created_at`, `updated_at`) VALUES (30, 'adrian82@example.org', '(240)645-07', '1970-12-31 22:51:11', '2008-03-17 14:10:41');
INSERT INTO `users` (`id`, `email`, `phone`, `created_at`, `updated_at`) VALUES (31, 'mnolan@example.net', '1-688-843-9', '1990-01-22 06:07:55', '1981-09-17 21:23:03');
INSERT INTO `users` (`id`, `email`, `phone`, `created_at`, `updated_at`) VALUES (32, 'salma50@example.com', '(402)399-37', '2009-09-16 17:16:03', '1979-12-20 20:09:47');
INSERT INTO `users` (`id`, `email`, `phone`, `created_at`, `updated_at`) VALUES (33, 'jalen.nicolas@example.org', '937.575.243', '2006-02-14 23:46:21', '1979-01-02 22:55:11');
INSERT INTO `users` (`id`, `email`, `phone`, `created_at`, `updated_at`) VALUES (34, 'roberta19@example.net', '153-751-194', '2018-09-02 04:19:00', '1980-03-11 17:02:57');
INSERT INTO `users` (`id`, `email`, `phone`, `created_at`, `updated_at`) VALUES (35, 'zetta.farrell@example.org', '07608658077', '2016-01-04 08:42:16', '2021-04-22 03:02:12');
INSERT INTO `users` (`id`, `email`, `phone`, `created_at`, `updated_at`) VALUES (36, 'scarlett.hermann@example.com', '(301)245-39', '2014-07-04 00:38:01', '2015-12-15 19:07:04');
INSERT INTO `users` (`id`, `email`, `phone`, `created_at`, `updated_at`) VALUES (37, 'amayert@example.net', '135.853.383', '2011-08-24 15:26:25', '2017-11-27 04:41:46');
INSERT INTO `users` (`id`, `email`, `phone`, `created_at`, `updated_at`) VALUES (38, 'hagenes.emelia@example.net', '(685)881-71', '1973-05-21 16:42:59', '2017-12-06 12:39:17');
INSERT INTO `users` (`id`, `email`, `phone`, `created_at`, `updated_at`) VALUES (39, 'kkrajcik@example.com', '380.733.595', '1993-08-30 22:56:06', '1989-12-27 04:25:09');
INSERT INTO `users` (`id`, `email`, `phone`, `created_at`, `updated_at`) VALUES (40, 'thalia82@example.org', '1-794-841-6', '2013-10-06 05:43:06', '1989-11-02 14:15:26');
INSERT INTO `users` (`id`, `email`, `phone`, `created_at`, `updated_at`) VALUES (41, 'dillan.treutel@example.net', '402-508-431', '2001-10-17 02:51:40', '1993-10-22 14:22:07');
INSERT INTO `users` (`id`, `email`, `phone`, `created_at`, `updated_at`) VALUES (42, 'adah.sporer@example.net', '830-294-145', '1983-09-21 02:56:30', '1987-12-21 11:10:16');
INSERT INTO `users` (`id`, `email`, `phone`, `created_at`, `updated_at`) VALUES (43, 'shea98@example.com', '102-048-093', '1988-09-16 12:40:54', '2007-12-22 12:42:19');
INSERT INTO `users` (`id`, `email`, `phone`, `created_at`, `updated_at`) VALUES (44, 'wvolkman@example.net', '058.967.673', '1995-12-15 20:52:16', '2005-09-27 13:51:42');
INSERT INTO `users` (`id`, `email`, `phone`, `created_at`, `updated_at`) VALUES (45, 'priscilla62@example.com', '188.891.830', '1976-05-24 09:50:53', '1990-02-26 02:50:44');
INSERT INTO `users` (`id`, `email`, `phone`, `created_at`, `updated_at`) VALUES (46, 'karen.sauer@example.org', '1-721-585-7', '1987-04-28 23:50:31', '1992-05-02 02:47:10');
INSERT INTO `users` (`id`, `email`, `phone`, `created_at`, `updated_at`) VALUES (47, 'nikolas.rice@example.net', '1-929-314-4', '1970-08-12 17:23:48', '2013-05-05 18:50:20');
INSERT INTO `users` (`id`, `email`, `phone`, `created_at`, `updated_at`) VALUES (48, 'muriel87@example.org', '628-198-621', '2020-07-19 03:36:12', '1995-05-11 20:39:44');
INSERT INTO `users` (`id`, `email`, `phone`, `created_at`, `updated_at`) VALUES (49, 'manuel.walker@example.net', '770.000.049', '2012-07-06 09:31:13', '1998-10-30 19:15:07');
INSERT INTO `users` (`id`, `email`, `phone`, `created_at`, `updated_at`) VALUES (50, 'cloyd.daniel@example.com', '02802597108', '1990-01-11 14:08:36', '1986-05-22 05:29:09');
INSERT INTO `users` (`id`, `email`, `phone`, `created_at`, `updated_at`) VALUES (51, 'dwunsch@example.com', '495-205-157', '1980-07-16 16:25:23', '2005-12-24 00:51:09');
INSERT INTO `users` (`id`, `email`, `phone`, `created_at`, `updated_at`) VALUES (52, 'filomena.schinner@example.org', '216-438-305', '2014-01-26 15:09:46', '2015-10-09 23:47:47');
INSERT INTO `users` (`id`, `email`, `phone`, `created_at`, `updated_at`) VALUES (53, 'roderick11@example.net', '904.173.670', '1975-10-27 17:01:42', '1997-05-06 23:57:40');
INSERT INTO `users` (`id`, `email`, `phone`, `created_at`, `updated_at`) VALUES (54, 'hodkiewicz.rahsaan@example.org', '603-596-753', '2018-10-15 02:53:12', '2019-04-02 02:22:58');
INSERT INTO `users` (`id`, `email`, `phone`, `created_at`, `updated_at`) VALUES (55, 'marie15@example.com', '404-817-847', '2017-11-01 10:28:29', '2000-06-19 00:35:36');
INSERT INTO `users` (`id`, `email`, `phone`, `created_at`, `updated_at`) VALUES (56, 'oschuster@example.org', '1-738-511-7', '1991-01-18 03:08:22', '2014-08-28 00:05:56');
INSERT INTO `users` (`id`, `email`, `phone`, `created_at`, `updated_at`) VALUES (57, 'cartwright.kaleigh@example.org', '1-605-330-5', '1971-02-08 10:43:39', '1982-08-10 11:01:56');
INSERT INTO `users` (`id`, `email`, `phone`, `created_at`, `updated_at`) VALUES (58, 'bjerde@example.com', '(296)969-21', '2017-01-14 04:39:55', '2002-09-17 10:21:56');
INSERT INTO `users` (`id`, `email`, `phone`, `created_at`, `updated_at`) VALUES (59, 'jimmie79@example.net', '886.596.079', '2012-05-18 00:47:23', '2007-09-21 20:03:35');
INSERT INTO `users` (`id`, `email`, `phone`, `created_at`, `updated_at`) VALUES (60, 'dtorphy@example.com', '1-104-235-2', '2012-11-10 22:36:16', '1983-05-31 21:36:27');
INSERT INTO `users` (`id`, `email`, `phone`, `created_at`, `updated_at`) VALUES (61, 'htromp@example.org', '06296876741', '1981-03-18 16:54:20', '1983-02-03 22:19:26');
INSERT INTO `users` (`id`, `email`, `phone`, `created_at`, `updated_at`) VALUES (62, 'zachariah.daugherty@example.net', '04430342911', '1981-09-24 15:40:09', '1991-07-03 04:41:11');
INSERT INTO `users` (`id`, `email`, `phone`, `created_at`, `updated_at`) VALUES (63, 'jerde.lelia@example.org', '141-881-084', '2018-08-22 10:57:08', '1974-05-04 00:48:44');
INSERT INTO `users` (`id`, `email`, `phone`, `created_at`, `updated_at`) VALUES (64, 'vanessa53@example.net', '289.288.173', '2018-10-28 13:40:18', '2006-12-27 22:14:40');
INSERT INTO `users` (`id`, `email`, `phone`, `created_at`, `updated_at`) VALUES (65, 'schulist.douglas@example.org', '863.388.068', '2001-04-03 04:01:37', '2015-01-16 21:48:14');
INSERT INTO `users` (`id`, `email`, `phone`, `created_at`, `updated_at`) VALUES (66, 'reynolds.rylee@example.com', '1-478-721-9', '1980-08-25 08:33:19', '1979-04-08 01:12:22');
INSERT INTO `users` (`id`, `email`, `phone`, `created_at`, `updated_at`) VALUES (67, 'treutel.albert@example.org', '(741)353-37', '1984-09-23 13:48:26', '1978-08-09 21:37:42');
INSERT INTO `users` (`id`, `email`, `phone`, `created_at`, `updated_at`) VALUES (68, 'brannon.brekke@example.net', '694.667.593', '1995-08-22 17:12:47', '1988-02-12 06:41:46');
INSERT INTO `users` (`id`, `email`, `phone`, `created_at`, `updated_at`) VALUES (69, 'lester.nitzsche@example.org', '1-927-586-1', '1990-04-20 10:39:46', '1981-05-24 10:10:07');
INSERT INTO `users` (`id`, `email`, `phone`, `created_at`, `updated_at`) VALUES (70, 'qmoore@example.org', '254-051-593', '1989-05-19 04:32:16', '1977-10-10 04:51:31');
INSERT INTO `users` (`id`, `email`, `phone`, `created_at`, `updated_at`) VALUES (71, 'melba23@example.org', '(687)562-41', '2007-07-31 19:33:38', '2005-10-23 22:30:15');
INSERT INTO `users` (`id`, `email`, `phone`, `created_at`, `updated_at`) VALUES (72, 'hayes.marvin@example.org', '587.829.303', '2013-11-07 15:54:41', '1981-11-17 15:49:00');
INSERT INTO `users` (`id`, `email`, `phone`, `created_at`, `updated_at`) VALUES (73, 'leo.raynor@example.com', '891.006.022', '2018-01-21 18:46:56', '2016-09-20 01:18:57');
INSERT INTO `users` (`id`, `email`, `phone`, `created_at`, `updated_at`) VALUES (74, 'devan38@example.net', '251-351-231', '2009-10-31 06:45:25', '2001-05-13 22:36:44');
INSERT INTO `users` (`id`, `email`, `phone`, `created_at`, `updated_at`) VALUES (75, 'rutherford.maryjane@example.org', '(806)353-51', '2001-03-04 07:43:15', '1979-04-25 23:38:11');
INSERT INTO `users` (`id`, `email`, `phone`, `created_at`, `updated_at`) VALUES (76, 'rrowe@example.org', '1-148-688-9', '2017-04-15 10:11:01', '1994-07-01 06:43:26');
INSERT INTO `users` (`id`, `email`, `phone`, `created_at`, `updated_at`) VALUES (77, 'filomena82@example.org', '1-822-074-8', '2004-02-13 00:40:23', '2003-04-08 05:02:10');
INSERT INTO `users` (`id`, `email`, `phone`, `created_at`, `updated_at`) VALUES (78, 'iwindler@example.net', '04698629066', '2000-04-24 14:23:34', '1975-11-19 23:15:42');
INSERT INTO `users` (`id`, `email`, `phone`, `created_at`, `updated_at`) VALUES (79, 'malvina50@example.com', '+47(7)18374', '1980-11-08 09:52:17', '2000-06-19 02:38:56');
INSERT INTO `users` (`id`, `email`, `phone`, `created_at`, `updated_at`) VALUES (80, 'zsporer@example.org', '1-047-079-2', '2017-09-07 01:29:48', '1987-02-20 22:33:02');
INSERT INTO `users` (`id`, `email`, `phone`, `created_at`, `updated_at`) VALUES (81, 'grady.abigayle@example.com', '(593)145-35', '2011-09-30 07:19:39', '2015-01-04 04:48:45');
INSERT INTO `users` (`id`, `email`, `phone`, `created_at`, `updated_at`) VALUES (82, 'terry.christine@example.com', '1-460-174-1', '2006-04-03 05:41:27', '2001-09-17 18:58:50');
INSERT INTO `users` (`id`, `email`, `phone`, `created_at`, `updated_at`) VALUES (83, 'mann.phoebe@example.org', '(274)347-83', '1972-10-22 22:25:35', '1986-10-11 20:29:11');
INSERT INTO `users` (`id`, `email`, `phone`, `created_at`, `updated_at`) VALUES (84, 'mherzog@example.org', '998.741.753', '1999-02-16 03:58:00', '1998-02-06 11:41:32');
INSERT INTO `users` (`id`, `email`, `phone`, `created_at`, `updated_at`) VALUES (85, 'schuyler56@example.com', '02244414791', '1972-04-30 11:47:44', '1992-08-02 09:45:57');
INSERT INTO `users` (`id`, `email`, `phone`, `created_at`, `updated_at`) VALUES (86, 'abe10@example.org', '560.524.865', '1971-12-07 22:13:01', '1985-01-04 15:40:48');
INSERT INTO `users` (`id`, `email`, `phone`, `created_at`, `updated_at`) VALUES (87, 'taylor.weissnat@example.com', '1-239-950-3', '1999-12-02 09:12:34', '2007-05-18 02:27:40');
INSERT INTO `users` (`id`, `email`, `phone`, `created_at`, `updated_at`) VALUES (88, 'cdouglas@example.org', '1-506-156-1', '1989-06-05 17:04:16', '2017-11-01 00:50:20');
INSERT INTO `users` (`id`, `email`, `phone`, `created_at`, `updated_at`) VALUES (89, 'zella.romaguera@example.com', '03057819940', '2013-11-13 14:26:31', '2012-07-26 23:08:04');
INSERT INTO `users` (`id`, `email`, `phone`, `created_at`, `updated_at`) VALUES (90, 'mortimer91@example.com', '690.750.008', '2012-02-03 01:51:38', '1980-06-30 23:52:02');
INSERT INTO `users` (`id`, `email`, `phone`, `created_at`, `updated_at`) VALUES (91, 'west.brenden@example.com', '266-607-789', '1990-06-03 22:13:54', '1983-05-11 02:51:02');
INSERT INTO `users` (`id`, `email`, `phone`, `created_at`, `updated_at`) VALUES (92, 'addison13@example.net', '(934)140-22', '1974-06-08 14:11:22', '1977-11-20 03:19:48');
INSERT INTO `users` (`id`, `email`, `phone`, `created_at`, `updated_at`) VALUES (93, 'fisher.verner@example.net', '301-256-269', '2011-04-26 15:38:26', '2003-01-04 04:37:38');
INSERT INTO `users` (`id`, `email`, `phone`, `created_at`, `updated_at`) VALUES (94, 'lilian21@example.com', '1-194-874-5', '1993-08-28 17:35:10', '1976-03-04 21:45:08');
INSERT INTO `users` (`id`, `email`, `phone`, `created_at`, `updated_at`) VALUES (95, 'janae.blanda@example.org', '(808)903-82', '1992-04-06 18:02:40', '2010-02-11 12:08:59');
INSERT INTO `users` (`id`, `email`, `phone`, `created_at`, `updated_at`) VALUES (96, 'colton.brakus@example.com', '167-001-610', '1985-09-03 14:59:36', '1979-01-01 15:56:15');
INSERT INTO `users` (`id`, `email`, `phone`, `created_at`, `updated_at`) VALUES (97, 'purdy.elisa@example.org', '261-380-346', '1979-04-12 04:45:13', '2018-04-28 19:07:22');
INSERT INTO `users` (`id`, `email`, `phone`, `created_at`, `updated_at`) VALUES (98, 'leonie.berge@example.com', '471-714-164', '2005-12-20 02:57:16', '2014-09-26 11:47:59');
INSERT INTO `users` (`id`, `email`, `phone`, `created_at`, `updated_at`) VALUES (99, 'micheal.prohaska@example.org', '(641)896-02', '2019-07-04 20:08:55', '2015-05-05 07:57:47');
INSERT INTO `users` (`id`, `email`, `phone`, `created_at`, `updated_at`) VALUES (100, 'bayer.catharine@example.net', '(345)532-19', '2002-12-04 14:28:58', '2021-02-25 18:39:55');


